INSERT INTO T_ROUTE_INFO
(ROUTE_ID,FROM_CITY,TO_CITY,DISTANCE,DURATION,DURATION_TOLERANCE,VERSION,STATUS)
VALUES
('CMB/DOH','CMB','DOH',1888.88,8,1.2,0,'Active');

INSERT INTO T_ROUTE_INFO
(ROUTE_ID,FROM_CITY,TO_CITY,DISTANCE,DURATION,DURATION_TOLERANCE,VERSION,STATUS)
VALUES
('CMB/DEL','CMB','DEL',1888.88,8,1.2,0,'Active');

INSERT INTO T_ROUTE_INFO
(ROUTE_ID,FROM_CITY,TO_CITY,DISTANCE,DURATION,DURATION_TOLERANCE,VERSION,STATUS)
VALUES
('DEL/KHI','DEL','KHI',1888.88,8,1.2,0,'Active');

INSERT INTO T_ROUTE_INFO
(ROUTE_ID,FROM_CITY,TO_CITY,DISTANCE,DURATION,DURATION_TOLERANCE,VERSION,STATUS)
VALUES
('CMB/SIN','CMB','SIN',1888.88,8,1.2,0,'Active');

INSERT INTO T_ROUTE_INFO
(ROUTE_ID,FROM_CITY,TO_CITY,DISTANCE,DURATION,DURATION_TOLERANCE,VERSION,STATUS)
VALUES
('HYD/KWI','HYD','KWI',1888.88,8,1.2,0,'Active');

INSERT INTO T_ROUTE_INFO
(ROUTE_ID,FROM_CITY,TO_CITY,DISTANCE,DURATION,DURATION_TOLERANCE,VERSION,STATUS)
VALUES
('HYD/SHJ','HYD','SHJ',1888.88,8,1.2,0,'Active');

INSERT INTO T_ROUTE_INFO
(ROUTE_ID,FROM_CITY,TO_CITY,DISTANCE,DURATION,DURATION_TOLERANCE,VERSION,STATUS)
VALUES
('SHJ/KWI','SHJ','KWI',1888.88,8,1.2,0,'Active');


INSERT INTO T_VALID_SEGMENT
(SEGMENT_CODE,DESCRIPTION,ORIGIN,DESTINATION,VERSION)
VALUES
('CMB/DOH','FLIGHT SEGMENT FOR COLOMBO DHOHA','CMB','DOH',0);

INSERT INTO T_VALID_SEGMENT
(SEGMENT_CODE,DESCRIPTION,ORIGIN,DESTINATION,VERSION)
VALUES
('CMB/DEL','FLIGHT SEGMENT FOR COLOMBO DELHI','CMB','DEL',0);

INSERT INTO T_VALID_SEGMENT
(SEGMENT_CODE,DESCRIPTION,ORIGIN,DESTINATION,VERSION)
VALUES
('DEL/KHI','FLIGHT SEGMENT FOR DELHI KARACHI','DEL','KHI',0);

INSERT INTO T_VALID_SEGMENT
(SEGMENT_CODE,DESCRIPTION,ORIGIN,DESTINATION,VERSION)
VALUES
('CMB/DEL/KHI','FLIGHT SEGMENT FOR DELHI KARACHI','DEL','KHI',0);

INSERT INTO T_VALID_SEGMENT
(SEGMENT_CODE,DESCRIPTION,ORIGIN,DESTINATION,VERSION)
VALUES
('CMB/SIN','FLIGHT SEGMENT FOR COLOMBO SINGERPORE','CMB','SIN',0);

INSERT INTO T_VALID_SEGMENT
(SEGMENT_CODE,DESCRIPTION,ORIGIN,DESTINATION,VERSION)
VALUES
('HYD/KWI','FLIGHT SEGMENT FOR HYDRABAD KUWAIT','HYD','KWI',0);

INSERT INTO T_VALID_SEGMENT
(SEGMENT_CODE,DESCRIPTION,ORIGIN,DESTINATION,VERSION)
VALUES
('HYD/SHJ','FLIGHT SEGMENT FOR HYDRABAD SAJAH','HYD','SHJ',0);

INSERT INTO T_VALID_SEGMENT
(SEGMENT_CODE,DESCRIPTION,ORIGIN,DESTINATION,VERSION)
VALUES
('SHJ/KWI','FLIGHT SEGMENT FOR SAJAH KUWAIT','SHJ','KWI',0);

INSERT INTO T_VALID_SEGMENT
(SEGMENT_CODE,DESCRIPTION,ORIGIN,DESTINATION,VERSION)
VALUES
('HYD/SHJ/KWI','FLIGHT SEGMENT FOR HYDRABAD KUWAIT','HYD','KWI',0);


INSERT INTO T_USER
(USER_ID,PASSWORD,FIRST_NAME,LAST_NAME,EMAIL_ID,STATION_CODE,USER_DOMAIN_ID,STATUS,CREATED_BY,CREATED_DATE,MODIFIED_BY,MODIFIED_DATE,VERSION)
VALUES
('famizm','password','Famiz','Mohomad','famizm@isa.lk','CMB',1,'Active',NULL,NULL,NULL,NULL,0);

INSERT INTO T_USER
(USER_ID,PASSWORD,FIRST_NAME,LAST_NAME,EMAIL_ID,STATION_CODE,USER_DOMAIN_ID,STATUS,CREATED_BY,CREATED_DATE,MODIFIED_BY,MODIFIED_DATE,VERSION)
VALUES
('jhonw','password','Jhon','Whotson','jhonw@isa.lk','CMB',1,'Active',NULL,NULL,NULL,NULL,0);





INSERT INTO T_FLIGHT_SCHEDULE
(SCHEDULE_ID,FLIGHT_NUMBER,MODEL_NUMBER,OPERATION_TYPE_ID,START_DATE,STOP_DATE,FREQUENCY_D0,FREQUENCY_D1,FREQUENCY_D2,FREQUENCY_D3,FREQUENCY_D4,FREQUENCY_D5,FREQUENCY_D6,ORIGIN,DESTINATION,OVERLAP_SCHEDULE_FLAG,AVAILABLE_SEAT_KILOMETERS,NUMBER_OF_DEPARTURES,SCHEDULE_BUILD_STATUS_CODE,SCHEDULE_STATUS_CODE,CREATED_BY,CREATED_DATE,MODIFIED_BY,MODIFIED_DATE,VERSION,MANUALLY_CHANGED)
VALUES
(10000,'GG1111','MDL_NBR_UNIT_TSTING',2, to_date('1-1-2006','MM-DD-YYYY') ,to_date('2-28-2006','MM-DD-YYYY'),1,0,1,1,0,1,0,'CMB','DOH','N',1,1,'BUILD','ACTIVE','jhonw',to_date('8-31-2005','MM-DD-YYYY'),NULL,NULL,0,'N'); 

INSERT INTO T_FLIGHT_SCHEDULE_LEG
(FSL_ID,SCHEDULE_ID,LEG_NUMBER,ORIGIN,DESTINATION,VERSION,DURATION,ROUTE_ID,STD_TIME_DEPARTURE_ZULU,EST_TIME_ARRIVAL_ZULU,STD_TIME_ARRIVAL_ZULU,EST_TIME_DEPARTURE_LOCAL,STD_TIME_DEPARTURE_LOCAL,EST_TIME_ARRIVAL_LOCAL,STD_TIME_ARRIVAL_LOCAL,STD_DEPARTURE_DAY_OFFSET,STD_ARRIVAL_DAY_OFFSET,EST_DEPARTURE_DAY_OFFSET,EST_ARRIVAL_DAY_OFFSET,EST_TIME_DEPARTURE_ZULU)
VALUES
(10000,10000,1,'CMB','DOH',0,8,'CMB/DOH',NULL,NULL,NULL,NULL,NULL,NULL,NULL,0,0,0,0,NULL);

INSERT INTO T_FLIGHT_SCHEDULE_SEGMENT
(FL_SCH_SEG_ID,SCHEDULE_ID,SEGMENT_CODE,SEGMENT_VALID_FLAG,SEGMENT_PRIORITY,VERSION,SEGMENT_INDEX)
VALUES
(10000,10000,'CMB/DOH','Y',1,0,NULL); 





INSERT INTO T_FLIGHT_SCHEDULE
(SCHEDULE_ID,FLIGHT_NUMBER,MODEL_NUMBER,OPERATION_TYPE_ID,START_DATE,STOP_DATE,FREQUENCY_D0,FREQUENCY_D1,FREQUENCY_D2,FREQUENCY_D3,FREQUENCY_D4,FREQUENCY_D5,FREQUENCY_D6,ORIGIN,DESTINATION,OVERLAP_SCHEDULE_FLAG,AVAILABLE_SEAT_KILOMETERS,NUMBER_OF_DEPARTURES,SCHEDULE_BUILD_STATUS_CODE,SCHEDULE_STATUS_CODE,CREATED_BY,CREATED_DATE,MODIFIED_BY,MODIFIED_DATE,VERSION,MANUALLY_CHANGED)
VALUES
(10001,'GG1111','MDL_NBR_UNIT_TSTING',2,to_date('3-1-2006','MM-DD-YYYY'),to_date('3-11-2006','MM-DD-YYYY'),1,0,1,1,0,1,0,'CMB','DOH','N',1,1,'COMPLETE','ACTIVE','jhonw','31-AUG-2005',NULL,NULL,0,'N');

INSERT INTO T_FLIGHT_SCHEDULE_LEG
(FSL_ID,SCHEDULE_ID,LEG_NUMBER,ORIGIN,DESTINATION,VERSION,DURATION,ROUTE_ID,STD_TIME_DEPARTURE_ZULU,EST_TIME_ARRIVAL_ZULU,STD_TIME_ARRIVAL_ZULU,EST_TIME_DEPARTURE_LOCAL,STD_TIME_DEPARTURE_LOCAL,EST_TIME_ARRIVAL_LOCAL,STD_TIME_ARRIVAL_LOCAL,STD_DEPARTURE_DAY_OFFSET,STD_ARRIVAL_DAY_OFFSET,EST_DEPARTURE_DAY_OFFSET,EST_ARRIVAL_DAY_OFFSET,EST_TIME_DEPARTURE_ZULU)
VALUES
(10001,10001,1,'CMB','DOH',0,8,'CMB/DOH',NULL,NULL,NULL,NULL,NULL,NULL,NULL,0,0,0,0,NULL);

INSERT INTO T_FLIGHT_SCHEDULE_SEGMENT
(FL_SCH_SEG_ID,SCHEDULE_ID,SEGMENT_CODE,SEGMENT_VALID_FLAG,SEGMENT_PRIORITY,VERSION,SEGMENT_INDEX)
VALUES
(10001,10001,'CMB/DOH','Y',1,0,NULL);


INSERT INTO T_FLIGHT
(FLIGHT_ID,SCHEDULE_ID,FLIGHT_NUMBER,DEPARTURE_DATE,DAY_NUMBER,DAY_OF_DEPARTURE,OPERATION_TYPE_ID,ORIGIN,DESTINATION,AVAILABLE_SEAT_KILOMETERS,OVERLAP_SCHEDULE_FLAG,OVERLAP_FLIGHT_INSTANCE_ID,SEATS_ALLOCATED_FLAG,TAIL_NUMBER,MODEL_NUMBER,STATUS,CREATED_BY,CREATED_DATE,MODIFIED_BY,MODIFIED_DATE,VERSION,MANUALLY_CHANGED)
VALUES
(10001,10001,'GG1111',to_date('3-2-2006','MM-DD-YYYY'),5,NULL,2,'CMB','DOH',1,'N',NULL,'N',NULL,'MDL_NBR_UNIT_TSTING','ACTIVE','jhonw',to_date('8-31-2005','MM-DD-YYYY'),NULL,NULL,0,'N');

INSERT INTO T_FLIGHT
(FLIGHT_ID,SCHEDULE_ID,FLIGHT_NUMBER,DEPARTURE_DATE,DAY_NUMBER,DAY_OF_DEPARTURE,OPERATION_TYPE_ID,ORIGIN,DESTINATION,AVAILABLE_SEAT_KILOMETERS,OVERLAP_SCHEDULE_FLAG,OVERLAP_FLIGHT_INSTANCE_ID,SEATS_ALLOCATED_FLAG,TAIL_NUMBER,MODEL_NUMBER,STATUS,CREATED_BY,CREATED_DATE,MODIFIED_BY,MODIFIED_DATE,VERSION,MANUALLY_CHANGED)
VALUES
(10002,10001,'GG1111',to_date('3-4-2006','MM-DD-YYYY'),0,NULL,2,'CMB','DOH',1,'N',NULL,'N',NULL,'MDL_NBR_UNIT_TSTING','ACTIVE','jhonw',to_date('8-31-2005','MM-DD-YYYY'),NULL,NULL,0,'N');

INSERT INTO T_FLIGHT
(FLIGHT_ID,SCHEDULE_ID,FLIGHT_NUMBER,DEPARTURE_DATE,DAY_NUMBER,DAY_OF_DEPARTURE,OPERATION_TYPE_ID,ORIGIN,DESTINATION,AVAILABLE_SEAT_KILOMETERS,OVERLAP_SCHEDULE_FLAG,OVERLAP_FLIGHT_INSTANCE_ID,SEATS_ALLOCATED_FLAG,TAIL_NUMBER,MODEL_NUMBER,STATUS,CREATED_BY,CREATED_DATE,MODIFIED_BY,MODIFIED_DATE,VERSION,MANUALLY_CHANGED)
VALUES
(10003,10001,'GG1111',to_date('3-6-2006','MM-DD-YYYY'),2,NULL,2,'CMB','DOH',1,'N',NULL,'N',NULL,'MDL_NBR_UNIT_TSTING','ACTIVE','jhonw',to_date('8-31-2005','MM-DD-YYYY'),NULL,NULL,0,'N');

INSERT INTO T_FLIGHT
(FLIGHT_ID,SCHEDULE_ID,FLIGHT_NUMBER,DEPARTURE_DATE,DAY_NUMBER,DAY_OF_DEPARTURE,OPERATION_TYPE_ID,ORIGIN,DESTINATION,AVAILABLE_SEAT_KILOMETERS,OVERLAP_SCHEDULE_FLAG,OVERLAP_FLIGHT_INSTANCE_ID,SEATS_ALLOCATED_FLAG,TAIL_NUMBER,MODEL_NUMBER,STATUS,CREATED_BY,CREATED_DATE,MODIFIED_BY,MODIFIED_DATE,VERSION,MANUALLY_CHANGED)
VALUES
(10004,10001,'GG1111',to_date('3-7-2006','MM-DD-YYYY'),3,NULL,2,'CMB','DOH',1,'N',NULL,'N',NULL,'MDL_NBR_UNIT_TSTING','ACTIVE','jhonw',to_date('8-31-2005','MM-DD-YYYY'),NULL,NULL,0,'N');

INSERT INTO T_FLIGHT
(FLIGHT_ID,SCHEDULE_ID,FLIGHT_NUMBER,DEPARTURE_DATE,DAY_NUMBER,DAY_OF_DEPARTURE,OPERATION_TYPE_ID,ORIGIN,DESTINATION,AVAILABLE_SEAT_KILOMETERS,OVERLAP_SCHEDULE_FLAG,OVERLAP_FLIGHT_INSTANCE_ID,SEATS_ALLOCATED_FLAG,TAIL_NUMBER,MODEL_NUMBER,STATUS,CREATED_BY,CREATED_DATE,MODIFIED_BY,MODIFIED_DATE,VERSION,MANUALLY_CHANGED)
VALUES
(10005,10001,'GG1111',to_date('3-9-2006','MM-DD-YYYY'),5,NULL,2,'CMB','DOH',1,'N',NULL,'N',NULL,'MDL_NBR_UNIT_TSTING','ACTIVE','jhonw',to_date('8-31-2005','MM-DD-YYYY'),NULL,NULL,0,'N');

INSERT INTO T_FLIGHT
(FLIGHT_ID,SCHEDULE_ID,FLIGHT_NUMBER,DEPARTURE_DATE,DAY_NUMBER,DAY_OF_DEPARTURE,OPERATION_TYPE_ID,ORIGIN,DESTINATION,AVAILABLE_SEAT_KILOMETERS,OVERLAP_SCHEDULE_FLAG,OVERLAP_FLIGHT_INSTANCE_ID,SEATS_ALLOCATED_FLAG,TAIL_NUMBER,MODEL_NUMBER,STATUS,CREATED_BY,CREATED_DATE,MODIFIED_BY,MODIFIED_DATE,VERSION,MANUALLY_CHANGED)
VALUES
(10006,10001,'GG1111',to_date('3-11-2006','MM-DD-YYYY'),0,NULL,2,'CMB','DOH',1,'N',NULL,'N',NULL,'MDL_NBR_UNIT_TSTING','ACTIVE','jhonw',to_date('8-31-2005','MM-DD-YYYY'),NULL,NULL,0,'N');	


INSERT INTO T_FLIGHT_LEG
(FLIGHT_LEG_ID,FLIGHT_ID,LEG_NUMBER,ORIGIN,DESTINATION,DURATION,DEPARTURE_DAY_OFFSET,ARRIVAL_DAY_OFFSET,VERSION,ROUTE_ID,EST_TIME_DEPARTURE_ZULU,STD_TIME_DEPARTURE_ZULU,EST_TIME_ARRIVAL_ZULU,STD_TIME_ARRIVAL_ZULU,EST_TIME_DEPARTURE_LOCAL,STD_TIME_DEPARTURE_LOCAL,EST_TIME_ARRIVAL_LOCAL,STD_TIME_ARRIVAL_LOCAL,STD_DEPARTURE_DAY_OFFSET,STD_ARRIVAL_DAY_OFFSET,EST_DEPARTURE_DAY_OFFSET,EST_ARRIVAL_DAY_OFFSET)
VALUES
(10001,10001,1,'CMB','DOH',8,NULL,NULL,0,'CMB/DOH',NULL,NULL,NULL,NULL,NULL,NULL,NULL,NULL,0,0,0,0);

INSERT INTO T_FLIGHT_LEG
(FLIGHT_LEG_ID,FLIGHT_ID,LEG_NUMBER,ORIGIN,DESTINATION,DURATION,DEPARTURE_DAY_OFFSET,ARRIVAL_DAY_OFFSET,VERSION,ROUTE_ID,EST_TIME_DEPARTURE_ZULU,STD_TIME_DEPARTURE_ZULU,EST_TIME_ARRIVAL_ZULU,STD_TIME_ARRIVAL_ZULU,EST_TIME_DEPARTURE_LOCAL,STD_TIME_DEPARTURE_LOCAL,EST_TIME_ARRIVAL_LOCAL,STD_TIME_ARRIVAL_LOCAL,STD_DEPARTURE_DAY_OFFSET,STD_ARRIVAL_DAY_OFFSET,EST_DEPARTURE_DAY_OFFSET,EST_ARRIVAL_DAY_OFFSET)
VALUES
(10002,10002,1,'CMB','DOH',8,NULL,NULL,0,'CMB/DOH',NULL,NULL,NULL,NULL,NULL,NULL,NULL,NULL,0,0,0,0);	

INSERT INTO T_FLIGHT_LEG
(FLIGHT_LEG_ID,FLIGHT_ID,LEG_NUMBER,ORIGIN,DESTINATION,DURATION,DEPARTURE_DAY_OFFSET,ARRIVAL_DAY_OFFSET,VERSION,ROUTE_ID,EST_TIME_DEPARTURE_ZULU,STD_TIME_DEPARTURE_ZULU,EST_TIME_ARRIVAL_ZULU,STD_TIME_ARRIVAL_ZULU,EST_TIME_DEPARTURE_LOCAL,STD_TIME_DEPARTURE_LOCAL,EST_TIME_ARRIVAL_LOCAL,STD_TIME_ARRIVAL_LOCAL,STD_DEPARTURE_DAY_OFFSET,STD_ARRIVAL_DAY_OFFSET,EST_DEPARTURE_DAY_OFFSET,EST_ARRIVAL_DAY_OFFSET)
VALUES
(10003,10003,1,'CMB','DOH',8,NULL,NULL,0,'CMB/DOH',NULL,NULL,NULL,NULL,NULL,NULL,NULL,NULL,0,0,0,0);

INSERT INTO T_FLIGHT_LEG
(FLIGHT_LEG_ID,FLIGHT_ID,LEG_NUMBER,ORIGIN,DESTINATION,DURATION,DEPARTURE_DAY_OFFSET,ARRIVAL_DAY_OFFSET,VERSION,ROUTE_ID,EST_TIME_DEPARTURE_ZULU,STD_TIME_DEPARTURE_ZULU,EST_TIME_ARRIVAL_ZULU,STD_TIME_ARRIVAL_ZULU,EST_TIME_DEPARTURE_LOCAL,STD_TIME_DEPARTURE_LOCAL,EST_TIME_ARRIVAL_LOCAL,STD_TIME_ARRIVAL_LOCAL,STD_DEPARTURE_DAY_OFFSET,STD_ARRIVAL_DAY_OFFSET,EST_DEPARTURE_DAY_OFFSET,EST_ARRIVAL_DAY_OFFSET)
VALUES
(10004,10004,1,'CMB','DOH',8,NULL,NULL,0,'CMB/DOH',NULL,NULL,NULL,NULL,NULL,NULL,NULL,NULL,0,0,0,0);

INSERT INTO T_FLIGHT_LEG
(FLIGHT_LEG_ID,FLIGHT_ID,LEG_NUMBER,ORIGIN,DESTINATION,DURATION,DEPARTURE_DAY_OFFSET,ARRIVAL_DAY_OFFSET,VERSION,ROUTE_ID,EST_TIME_DEPARTURE_ZULU,STD_TIME_DEPARTURE_ZULU,EST_TIME_ARRIVAL_ZULU,STD_TIME_ARRIVAL_ZULU,EST_TIME_DEPARTURE_LOCAL,STD_TIME_DEPARTURE_LOCAL,EST_TIME_ARRIVAL_LOCAL,STD_TIME_ARRIVAL_LOCAL,STD_DEPARTURE_DAY_OFFSET,STD_ARRIVAL_DAY_OFFSET,EST_DEPARTURE_DAY_OFFSET,EST_ARRIVAL_DAY_OFFSET)
VALUES
(10005,10005,1,'CMB','DOH',8,NULL,NULL,0,'CMB/DOH',NULL,NULL,NULL,NULL,NULL,NULL,NULL,NULL,0,0,0,0);

INSERT INTO T_FLIGHT_LEG
(FLIGHT_LEG_ID,FLIGHT_ID,LEG_NUMBER,ORIGIN,DESTINATION,DURATION,DEPARTURE_DAY_OFFSET,ARRIVAL_DAY_OFFSET,VERSION,ROUTE_ID,EST_TIME_DEPARTURE_ZULU,STD_TIME_DEPARTURE_ZULU,EST_TIME_ARRIVAL_ZULU,STD_TIME_ARRIVAL_ZULU,EST_TIME_DEPARTURE_LOCAL,STD_TIME_DEPARTURE_LOCAL,EST_TIME_ARRIVAL_LOCAL,STD_TIME_ARRIVAL_LOCAL,STD_DEPARTURE_DAY_OFFSET,STD_ARRIVAL_DAY_OFFSET,EST_DEPARTURE_DAY_OFFSET,EST_ARRIVAL_DAY_OFFSET)
VALUES
(10006,10006,1,'CMB','DOH',8,NULL,NULL,0,'CMB/DOH',NULL,NULL,NULL,NULL,NULL,NULL,NULL,NULL,0,0,0,0);


INSERT INTO T_FLIGHT_SEGMENT
(FLT_SEG_ID,FLIGHT_ID,SEGMENT_CODE,SEGMENT_VALID_FLAG,SEGMENT_PRIORITY,VERSION)
VALUES
(10001,10001,'CMB/DOH','Y',1,0);

INSERT INTO T_FLIGHT_SEGMENT
(FLT_SEG_ID,FLIGHT_ID,SEGMENT_CODE,SEGMENT_VALID_FLAG,SEGMENT_PRIORITY,VERSION)
VALUES
(10002,10002,'CMB/DOH','Y',1,0);

INSERT INTO T_FLIGHT_SEGMENT
(FLT_SEG_ID,FLIGHT_ID,SEGMENT_CODE,SEGMENT_VALID_FLAG,SEGMENT_PRIORITY,VERSION)
VALUES
(10003,10003,'CMB/DOH','Y',1,0);

INSERT INTO T_FLIGHT_SEGMENT
(FLT_SEG_ID,FLIGHT_ID,SEGMENT_CODE,SEGMENT_VALID_FLAG,SEGMENT_PRIORITY,VERSION)
VALUES
(10004,10004,'CMB/DOH','Y',1,0);

INSERT INTO T_FLIGHT_SEGMENT
(FLT_SEG_ID,FLIGHT_ID,SEGMENT_CODE,SEGMENT_VALID_FLAG,SEGMENT_PRIORITY,VERSION)
VALUES
(10005,10005,'CMB/DOH','Y',1,0);

INSERT INTO T_FLIGHT_SEGMENT
(FLT_SEG_ID,FLIGHT_ID,SEGMENT_CODE,SEGMENT_VALID_FLAG,SEGMENT_PRIORITY,VERSION)
VALUES
(10006,10006,'CMB/DOH','Y',1,0);


INSERT INTO T_FLIGHT
(FLIGHT_ID,SCHEDULE_ID,FLIGHT_NUMBER,DEPARTURE_DATE,DAY_NUMBER,DAY_OF_DEPARTURE,OPERATION_TYPE_ID,ORIGIN,DESTINATION,AVAILABLE_SEAT_KILOMETERS,OVERLAP_SCHEDULE_FLAG,OVERLAP_FLIGHT_INSTANCE_ID,SEATS_ALLOCATED_FLAG,TAIL_NUMBER,MODEL_NUMBER,STATUS,CREATED_BY,CREATED_DATE,MODIFIED_BY,MODIFIED_DATE,VERSION,MANUALLY_CHANGED)
VALUES
(10010,NULL,'GG1111',to_date('3-14-2006','MM-DD-YYYY'),3,NULL,1,'CMB','DOH',1,'N',NULL,'N',NULL,'MDL_NBR_UNIT_TSTING','ACTIVE','jhonw',to_date('8-31-2005','MM-DD-YYYY'),NULL,NULL,0,'N');

INSERT INTO T_FLIGHT_LEG
(FLIGHT_LEG_ID,FLIGHT_ID,LEG_NUMBER,ORIGIN,DESTINATION,DURATION,DEPARTURE_DAY_OFFSET,ARRIVAL_DAY_OFFSET,VERSION,ROUTE_ID,EST_TIME_DEPARTURE_ZULU,STD_TIME_DEPARTURE_ZULU,EST_TIME_ARRIVAL_ZULU,STD_TIME_ARRIVAL_ZULU,EST_TIME_DEPARTURE_LOCAL,STD_TIME_DEPARTURE_LOCAL,EST_TIME_ARRIVAL_LOCAL,STD_TIME_ARRIVAL_LOCAL,STD_DEPARTURE_DAY_OFFSET,STD_ARRIVAL_DAY_OFFSET,EST_DEPARTURE_DAY_OFFSET,EST_ARRIVAL_DAY_OFFSET)
VALUES
(10010,10010,1,'CMB','DOH',8,NULL,NULL,0,'CMB/DOH',NULL,NULL,NULL,NULL,NULL,NULL,NULL,NULL,0,0,0,0);
	
INSERT INTO T_FLIGHT_SEGMENT
(FLT_SEG_ID,FLIGHT_ID,SEGMENT_CODE,SEGMENT_VALID_FLAG,SEGMENT_PRIORITY,VERSION)
VALUES
(10010,10010,'CMB/DOH','Y',1,0);	
   
 
INSERT INTO T_FLIGHT
(FLIGHT_ID,SCHEDULE_ID,FLIGHT_NUMBER,DEPARTURE_DATE,DAY_NUMBER,DAY_OF_DEPARTURE,OPERATION_TYPE_ID,ORIGIN,DESTINATION,AVAILABLE_SEAT_KILOMETERS,OVERLAP_SCHEDULE_FLAG,OVERLAP_FLIGHT_INSTANCE_ID,SEATS_ALLOCATED_FLAG,TAIL_NUMBER,MODEL_NUMBER,STATUS,CREATED_BY,CREATED_DATE,MODIFIED_BY,MODIFIED_DATE,VERSION,MANUALLY_CHANGED)
VALUES
(10011,NULL,'GG1111',to_date('3-17-2006','MM-DD-YYYY'),6,NULL,1,'CMB','DOH',1,'N',NULL,'N',NULL,'MDL_NBR_UNIT_TSTING','ACTIVE','jhonw',to_date('8-31-2005','MM-DD-YYYY'),NULL,NULL,0,'N');

INSERT INTO T_FLIGHT_LEG
(FLIGHT_LEG_ID,FLIGHT_ID,LEG_NUMBER,ORIGIN,DESTINATION,DURATION,DEPARTURE_DAY_OFFSET,ARRIVAL_DAY_OFFSET,VERSION,ROUTE_ID,EST_TIME_DEPARTURE_ZULU,STD_TIME_DEPARTURE_ZULU,EST_TIME_ARRIVAL_ZULU,STD_TIME_ARRIVAL_ZULU,EST_TIME_DEPARTURE_LOCAL,STD_TIME_DEPARTURE_LOCAL,EST_TIME_ARRIVAL_LOCAL,STD_TIME_ARRIVAL_LOCAL,STD_DEPARTURE_DAY_OFFSET,STD_ARRIVAL_DAY_OFFSET,EST_DEPARTURE_DAY_OFFSET,EST_ARRIVAL_DAY_OFFSET)
VALUES
(10011,10011,1,'CMB','DOH',8,NULL,NULL,0,'CMB/DOH',NULL,NULL,NULL,NULL,NULL,NULL,NULL,NULL,0,0,0,0);
	
INSERT INTO T_FLIGHT_SEGMENT
(FLT_SEG_ID,FLIGHT_ID,SEGMENT_CODE,SEGMENT_VALID_FLAG,SEGMENT_PRIORITY,VERSION)
VALUES
(10011,10011,'CMB/DOH','Y',1,0);





INSERT INTO T_FLIGHT_SCHEDULE
(SCHEDULE_ID,FLIGHT_NUMBER,MODEL_NUMBER,OPERATION_TYPE_ID,START_DATE,STOP_DATE,FREQUENCY_D0,FREQUENCY_D1,FREQUENCY_D2,FREQUENCY_D3,FREQUENCY_D4,FREQUENCY_D5,FREQUENCY_D6,ORIGIN,DESTINATION,OVERLAP_SCHEDULE_FLAG,AVAILABLE_SEAT_KILOMETERS,NUMBER_OF_DEPARTURES,SCHEDULE_BUILD_STATUS_CODE,SCHEDULE_STATUS_CODE,CREATED_BY,CREATED_DATE,MODIFIED_BY,MODIFIED_DATE,VERSION,MANUALLY_CHANGED)
VALUES
(10002,'GG1111','MDL_NBR_UNIT_TSTING',2, to_date('5-1-2006','MM-DD-YYYY') ,to_date('5-31-2006','MM-DD-YYYY'),1,0,1,1,0,1,0,'CMB','DOH','N',NULL,NULL,'BUILD','ACTIVE','jhonw',to_date('8-31-2005','MM-DD-YYYY'),NULL,NULL,0,'N'); 

INSERT INTO T_FLIGHT_SCHEDULE_LEG
(FSL_ID,SCHEDULE_ID,LEG_NUMBER,ORIGIN,DESTINATION,VERSION,DURATION,ROUTE_ID,STD_TIME_DEPARTURE_ZULU,EST_TIME_ARRIVAL_ZULU,STD_TIME_ARRIVAL_ZULU,EST_TIME_DEPARTURE_LOCAL,STD_TIME_DEPARTURE_LOCAL,EST_TIME_ARRIVAL_LOCAL,STD_TIME_ARRIVAL_LOCAL,STD_DEPARTURE_DAY_OFFSET,STD_ARRIVAL_DAY_OFFSET,EST_DEPARTURE_DAY_OFFSET,EST_ARRIVAL_DAY_OFFSET,EST_TIME_DEPARTURE_ZULU)
VALUES
(10002,10002,1,'CMB','DOH',0,8,'CMB/DOH',NULL,NULL,NULL,NULL,NULL,NULL,NULL,0,0,0,0,NULL);

INSERT INTO T_FLIGHT_SCHEDULE_SEGMENT
(FL_SCH_SEG_ID,SCHEDULE_ID,SEGMENT_CODE,SEGMENT_VALID_FLAG,SEGMENT_PRIORITY,VERSION,SEGMENT_INDEX)
VALUES
(10002,10002,'CMB/DOH','Y',1,0,NULL);





INSERT INTO T_FLIGHT_SCHEDULE
(SCHEDULE_ID,FLIGHT_NUMBER,MODEL_NUMBER,OPERATION_TYPE_ID,START_DATE,STOP_DATE,FREQUENCY_D0,FREQUENCY_D1,FREQUENCY_D2,FREQUENCY_D3,FREQUENCY_D4,FREQUENCY_D5,FREQUENCY_D6,ORIGIN,DESTINATION,OVERLAP_SCHEDULE_FLAG,AVAILABLE_SEAT_KILOMETERS,NUMBER_OF_DEPARTURES,SCHEDULE_BUILD_STATUS_CODE,SCHEDULE_STATUS_CODE,CREATED_BY,CREATED_DATE,MODIFIED_BY,MODIFIED_DATE,VERSION,MANUALLY_CHANGED)
VALUES
(10003,'GG1111','MDL_NBR_UNIT_TSTING',2, to_date('6-1-2006','MM-DD-YYYY') ,to_date('6-30-2006','MM-DD-YYYY'),1,0,1,1,0,1,0,'CMB','DOH','N',NULL,NULL,'BUILD','ACTIVE','jhonw',to_date('8-31-2005','MM-DD-YYYY'),NULL,NULL,0,'N'); 

INSERT INTO T_FLIGHT_SCHEDULE_LEG
(FSL_ID,SCHEDULE_ID,LEG_NUMBER,ORIGIN,DESTINATION,VERSION,DURATION,ROUTE_ID,STD_TIME_DEPARTURE_ZULU,EST_TIME_ARRIVAL_ZULU,STD_TIME_ARRIVAL_ZULU,EST_TIME_DEPARTURE_LOCAL,STD_TIME_DEPARTURE_LOCAL,EST_TIME_ARRIVAL_LOCAL,STD_TIME_ARRIVAL_LOCAL,STD_DEPARTURE_DAY_OFFSET,STD_ARRIVAL_DAY_OFFSET,EST_DEPARTURE_DAY_OFFSET,EST_ARRIVAL_DAY_OFFSET,EST_TIME_DEPARTURE_ZULU)
VALUES
(10003,10003,1,'CMB','DOH',0,8,'CMB/DOH',NULL,NULL,NULL,NULL,NULL,NULL,NULL,0,0,0,0,NULL);

INSERT INTO T_FLIGHT_SCHEDULE_SEGMENT
(FL_SCH_SEG_ID,SCHEDULE_ID,SEGMENT_CODE,SEGMENT_VALID_FLAG,SEGMENT_PRIORITY,VERSION,SEGMENT_INDEX)
VALUES
(10003,10003,'CMB/DOH','Y',1,0,NULL);





INSERT INTO T_FLIGHT_SCHEDULE
(SCHEDULE_ID,FLIGHT_NUMBER,MODEL_NUMBER,OPERATION_TYPE_ID,START_DATE,STOP_DATE,FREQUENCY_D0,FREQUENCY_D1,FREQUENCY_D2,FREQUENCY_D3,FREQUENCY_D4,FREQUENCY_D5,FREQUENCY_D6,ORIGIN,DESTINATION,OVERLAP_SCHEDULE_FLAG,AVAILABLE_SEAT_KILOMETERS,NUMBER_OF_DEPARTURES,SCHEDULE_BUILD_STATUS_CODE,SCHEDULE_STATUS_CODE,CREATED_BY,CREATED_DATE,MODIFIED_BY,MODIFIED_DATE,VERSION,MANUALLY_CHANGED)
VALUES
(10004,'GG1111','MDL_NBR_UNIT_TSTING',2, to_date('7-1-2006','MM-DD-YYYY') ,to_date('7-4-2006','MM-DD-YYYY'),1,0,1,1,0,1,0,'CMB','DOH','N',NULL,NULL,'COMPLETE','ACTIVE','jhonw',to_date('8-31-2005','MM-DD-YYYY'),NULL,NULL,0,'N'); 

INSERT INTO T_FLIGHT_SCHEDULE_LEG
(FSL_ID,SCHEDULE_ID,LEG_NUMBER,ORIGIN,DESTINATION,VERSION,DURATION,ROUTE_ID,STD_TIME_DEPARTURE_ZULU,EST_TIME_ARRIVAL_ZULU,STD_TIME_ARRIVAL_ZULU,EST_TIME_DEPARTURE_LOCAL,STD_TIME_DEPARTURE_LOCAL,EST_TIME_ARRIVAL_LOCAL,STD_TIME_ARRIVAL_LOCAL,STD_DEPARTURE_DAY_OFFSET,STD_ARRIVAL_DAY_OFFSET,EST_DEPARTURE_DAY_OFFSET,EST_ARRIVAL_DAY_OFFSET,EST_TIME_DEPARTURE_ZULU)
VALUES
(10004,10004,1,'CMB','DOH',0,8,'CMB/DOH',NULL,NULL,NULL,NULL,NULL,NULL,NULL,0,0,0,0,NULL);

INSERT INTO T_FLIGHT_SCHEDULE_SEGMENT
(FL_SCH_SEG_ID,SCHEDULE_ID,SEGMENT_CODE,SEGMENT_VALID_FLAG,SEGMENT_PRIORITY,VERSION,SEGMENT_INDEX)
VALUES
(10004,10004,'CMB/DOH','Y',1,0,NULL);


INSERT INTO T_FLIGHT
(FLIGHT_ID,SCHEDULE_ID,FLIGHT_NUMBER,DEPARTURE_DATE,DAY_NUMBER,DAY_OF_DEPARTURE,OPERATION_TYPE_ID,ORIGIN,DESTINATION,AVAILABLE_SEAT_KILOMETERS,OVERLAP_SCHEDULE_FLAG,OVERLAP_FLIGHT_INSTANCE_ID,SEATS_ALLOCATED_FLAG,TAIL_NUMBER,MODEL_NUMBER,STATUS,CREATED_BY,CREATED_DATE,MODIFIED_BY,MODIFIED_DATE,VERSION,MANUALLY_CHANGED)
VALUES
(10050,10004,'GG1111',to_date('7-1-2006','MM-DD-YYYY'),0,NULL,2,'CMB','DOH',1,'N',NULL,'N',NULL,'MDL_NBR_UNIT_TSTING','ACTIVE','jhonw',to_date('8-31-2005','MM-DD-YYYY'),NULL,NULL,0,'N');

INSERT INTO T_FLIGHT
(FLIGHT_ID,SCHEDULE_ID,FLIGHT_NUMBER,DEPARTURE_DATE,DAY_NUMBER,DAY_OF_DEPARTURE,OPERATION_TYPE_ID,ORIGIN,DESTINATION,AVAILABLE_SEAT_KILOMETERS,OVERLAP_SCHEDULE_FLAG,OVERLAP_FLIGHT_INSTANCE_ID,SEATS_ALLOCATED_FLAG,TAIL_NUMBER,MODEL_NUMBER,STATUS,CREATED_BY,CREATED_DATE,MODIFIED_BY,MODIFIED_DATE,VERSION,MANUALLY_CHANGED)
VALUES
(10051,10004,'GG1111',to_date('7-3-2006','MM-DD-YYYY'),2,NULL,2,'CMB','DOH',1,'N',NULL,'N',NULL,'MDL_NBR_UNIT_TSTING','ACTIVE','jhonw',to_date('8-31-2005','MM-DD-YYYY'),NULL,NULL,0,'N');

INSERT INTO T_FLIGHT
(FLIGHT_ID,SCHEDULE_ID,FLIGHT_NUMBER,DEPARTURE_DATE,DAY_NUMBER,DAY_OF_DEPARTURE,OPERATION_TYPE_ID,ORIGIN,DESTINATION,AVAILABLE_SEAT_KILOMETERS,OVERLAP_SCHEDULE_FLAG,OVERLAP_FLIGHT_INSTANCE_ID,SEATS_ALLOCATED_FLAG,TAIL_NUMBER,MODEL_NUMBER,STATUS,CREATED_BY,CREATED_DATE,MODIFIED_BY,MODIFIED_DATE,VERSION,MANUALLY_CHANGED)
VALUES
(10052,10004,'GG1111',to_date('7-4-2006','MM-DD-YYYY'),3,NULL,2,'CMB','DOH',1,'N',NULL,'N',NULL,'MDL_NBR_UNIT_TSTING','ACTIVE','jhonw',to_date('8-31-2005','MM-DD-YYYY'),NULL,NULL,0,'N');


INSERT INTO T_FLIGHT_LEG
(FLIGHT_LEG_ID,FLIGHT_ID,LEG_NUMBER,ORIGIN,DESTINATION,DURATION,DEPARTURE_DAY_OFFSET,ARRIVAL_DAY_OFFSET,VERSION,ROUTE_ID,EST_TIME_DEPARTURE_ZULU,STD_TIME_DEPARTURE_ZULU,EST_TIME_ARRIVAL_ZULU,STD_TIME_ARRIVAL_ZULU,EST_TIME_DEPARTURE_LOCAL,STD_TIME_DEPARTURE_LOCAL,EST_TIME_ARRIVAL_LOCAL,STD_TIME_ARRIVAL_LOCAL,STD_DEPARTURE_DAY_OFFSET,STD_ARRIVAL_DAY_OFFSET,EST_DEPARTURE_DAY_OFFSET,EST_ARRIVAL_DAY_OFFSET)
VALUES
(10050,10050,1,'CMB','DOH',8,NULL,NULL,0,'CMB/DOH',NULL,NULL,NULL,NULL,NULL,NULL,NULL,NULL,0,0,0,0);

INSERT INTO T_FLIGHT_LEG
(FLIGHT_LEG_ID,FLIGHT_ID,LEG_NUMBER,ORIGIN,DESTINATION,DURATION,DEPARTURE_DAY_OFFSET,ARRIVAL_DAY_OFFSET,VERSION,ROUTE_ID,EST_TIME_DEPARTURE_ZULU,STD_TIME_DEPARTURE_ZULU,EST_TIME_ARRIVAL_ZULU,STD_TIME_ARRIVAL_ZULU,EST_TIME_DEPARTURE_LOCAL,STD_TIME_DEPARTURE_LOCAL,EST_TIME_ARRIVAL_LOCAL,STD_TIME_ARRIVAL_LOCAL,STD_DEPARTURE_DAY_OFFSET,STD_ARRIVAL_DAY_OFFSET,EST_DEPARTURE_DAY_OFFSET,EST_ARRIVAL_DAY_OFFSET)
VALUES
(10051,10051,1,'CMB','DOH',8,NULL,NULL,0,'CMB/DOH',NULL,NULL,NULL,NULL,NULL,NULL,NULL,NULL,0,0,0,0);	

INSERT INTO T_FLIGHT_LEG
(FLIGHT_LEG_ID,FLIGHT_ID,LEG_NUMBER,ORIGIN,DESTINATION,DURATION,DEPARTURE_DAY_OFFSET,ARRIVAL_DAY_OFFSET,VERSION,ROUTE_ID,EST_TIME_DEPARTURE_ZULU,STD_TIME_DEPARTURE_ZULU,EST_TIME_ARRIVAL_ZULU,STD_TIME_ARRIVAL_ZULU,EST_TIME_DEPARTURE_LOCAL,STD_TIME_DEPARTURE_LOCAL,EST_TIME_ARRIVAL_LOCAL,STD_TIME_ARRIVAL_LOCAL,STD_DEPARTURE_DAY_OFFSET,STD_ARRIVAL_DAY_OFFSET,EST_DEPARTURE_DAY_OFFSET,EST_ARRIVAL_DAY_OFFSET)
VALUES
(10052,10052,1,'CMB','DOH',8,NULL,NULL,0,'CMB/DOH',NULL,NULL,NULL,NULL,NULL,NULL,NULL,NULL,0,0,0,0);


INSERT INTO T_FLIGHT_SEGMENT
(FLT_SEG_ID,FLIGHT_ID,SEGMENT_CODE,SEGMENT_VALID_FLAG,SEGMENT_PRIORITY,VERSION)
VALUES
(10050,10050,'CMB/DOH','Y',1,0);

INSERT INTO T_FLIGHT_SEGMENT
(FLT_SEG_ID,FLIGHT_ID,SEGMENT_CODE,SEGMENT_VALID_FLAG,SEGMENT_PRIORITY,VERSION)
VALUES
(10051,10051,'CMB/DOH','Y',1,0);

INSERT INTO T_FLIGHT_SEGMENT
(FLT_SEG_ID,FLIGHT_ID,SEGMENT_CODE,SEGMENT_VALID_FLAG,SEGMENT_PRIORITY,VERSION)
VALUES
(10052,10052,'CMB/DOH','Y',1,0);





INSERT INTO T_FLIGHT_SCHEDULE
(SCHEDULE_ID,FLIGHT_NUMBER,MODEL_NUMBER,OPERATION_TYPE_ID,START_DATE,STOP_DATE,FREQUENCY_D0,FREQUENCY_D1,FREQUENCY_D2,FREQUENCY_D3,FREQUENCY_D4,FREQUENCY_D5,FREQUENCY_D6,ORIGIN,DESTINATION,OVERLAP_SCHEDULE_FLAG,AVAILABLE_SEAT_KILOMETERS,NUMBER_OF_DEPARTURES,SCHEDULE_BUILD_STATUS_CODE,SCHEDULE_STATUS_CODE,CREATED_BY,CREATED_DATE,MODIFIED_BY,MODIFIED_DATE,VERSION,MANUALLY_CHANGED)
VALUES
(10100,'GG1111','MDL_NBR_UNIT_TSTING',2, to_date('9-1-2006','MM-DD-YYYY') ,to_date('9-25-2006','MM-DD-YYYY'),1,0,1,1,0,1,0,'CMB','DOH','N',NULL,NULL,'COMPLETE','ACTIVE','jhonw',to_date('8-31-2005','MM-DD-YYYY'),NULL,NULL,0,'N'); 

INSERT INTO T_FLIGHT_SCHEDULE_LEG
(FSL_ID,SCHEDULE_ID,LEG_NUMBER,ORIGIN,DESTINATION,VERSION,DURATION,ROUTE_ID,STD_TIME_DEPARTURE_ZULU,EST_TIME_ARRIVAL_ZULU,STD_TIME_ARRIVAL_ZULU,EST_TIME_DEPARTURE_LOCAL,STD_TIME_DEPARTURE_LOCAL,EST_TIME_ARRIVAL_LOCAL,STD_TIME_ARRIVAL_LOCAL,STD_DEPARTURE_DAY_OFFSET,STD_ARRIVAL_DAY_OFFSET,EST_DEPARTURE_DAY_OFFSET,EST_ARRIVAL_DAY_OFFSET,EST_TIME_DEPARTURE_ZULU)
VALUES
(10100,10100,1,'CMB','DOH',0,8,'CMB/DOH',NULL,NULL,NULL,NULL,NULL,NULL,NULL,0,0,0,0,NULL);

INSERT INTO T_FLIGHT_SCHEDULE_SEGMENT
(FL_SCH_SEG_ID,SCHEDULE_ID,SEGMENT_CODE,SEGMENT_VALID_FLAG,SEGMENT_PRIORITY,VERSION,SEGMENT_INDEX)
VALUES
(10100,10100,'CMB/DOH','Y',1,0,NULL);


INSERT INTO T_FLIGHT
(FLIGHT_ID,SCHEDULE_ID,FLIGHT_NUMBER,DEPARTURE_DATE,DAY_NUMBER,DAY_OF_DEPARTURE,OPERATION_TYPE_ID,ORIGIN,DESTINATION,AVAILABLE_SEAT_KILOMETERS,OVERLAP_SCHEDULE_FLAG,OVERLAP_FLIGHT_INSTANCE_ID,SEATS_ALLOCATED_FLAG,TAIL_NUMBER,MODEL_NUMBER,STATUS,CREATED_BY,CREATED_DATE,MODIFIED_BY,MODIFIED_DATE,VERSION,MANUALLY_CHANGED)
VALUES
(10100,10100,'GG1111',to_date('9-2-2006','MM-DD-YYYY'),0,NULL,2,'CMB','DOH',1,'N',NULL,'N',NULL,'MDL_NBR_UNIT_TSTING','ACTIVE','jhonw',to_date('8-31-2005','MM-DD-YYYY'),NULL,NULL,0,'N');

INSERT INTO T_FLIGHT
(FLIGHT_ID,SCHEDULE_ID,FLIGHT_NUMBER,DEPARTURE_DATE,DAY_NUMBER,DAY_OF_DEPARTURE,OPERATION_TYPE_ID,ORIGIN,DESTINATION,AVAILABLE_SEAT_KILOMETERS,OVERLAP_SCHEDULE_FLAG,OVERLAP_FLIGHT_INSTANCE_ID,SEATS_ALLOCATED_FLAG,TAIL_NUMBER,MODEL_NUMBER,STATUS,CREATED_BY,CREATED_DATE,MODIFIED_BY,MODIFIED_DATE,VERSION,MANUALLY_CHANGED)
VALUES
(10101,10100,'GG1111',to_date('9-4-2006','MM-DD-YYYY'),2,NULL,2,'CMB','DOH',1,'N',NULL,'N',NULL,'MDL_NBR_UNIT_TSTING','ACTIVE','jhonw',to_date('8-31-2005','MM-DD-YYYY'),NULL,NULL,0,'N');

INSERT INTO T_FLIGHT
(FLIGHT_ID,SCHEDULE_ID,FLIGHT_NUMBER,DEPARTURE_DATE,DAY_NUMBER,DAY_OF_DEPARTURE,OPERATION_TYPE_ID,ORIGIN,DESTINATION,AVAILABLE_SEAT_KILOMETERS,OVERLAP_SCHEDULE_FLAG,OVERLAP_FLIGHT_INSTANCE_ID,SEATS_ALLOCATED_FLAG,TAIL_NUMBER,MODEL_NUMBER,STATUS,CREATED_BY,CREATED_DATE,MODIFIED_BY,MODIFIED_DATE,VERSION,MANUALLY_CHANGED)
VALUES
(10102,10100,'GG1111',to_date('9-5-2006','MM-DD-YYYY'),3,NULL,2,'CMB','DOH',1,'N',NULL,'N',NULL,'MDL_NBR_UNIT_TSTING','ACTIVE','jhonw',to_date('8-31-2005','MM-DD-YYYY'),NULL,NULL,0,'N');

INSERT INTO T_FLIGHT
(FLIGHT_ID,SCHEDULE_ID,FLIGHT_NUMBER,DEPARTURE_DATE,DAY_NUMBER,DAY_OF_DEPARTURE,OPERATION_TYPE_ID,ORIGIN,DESTINATION,AVAILABLE_SEAT_KILOMETERS,OVERLAP_SCHEDULE_FLAG,OVERLAP_FLIGHT_INSTANCE_ID,SEATS_ALLOCATED_FLAG,TAIL_NUMBER,MODEL_NUMBER,STATUS,CREATED_BY,CREATED_DATE,MODIFIED_BY,MODIFIED_DATE,VERSION,MANUALLY_CHANGED)
VALUES
(10103,10100,'GG1111',to_date('9-7-2006','MM-DD-YYYY'),5,NULL,2,'CMB','DOH',1,'N',NULL,'N',NULL,'MDL_NBR_UNIT_TSTING','ACTIVE','jhonw',to_date('8-31-2005','MM-DD-YYYY'),NULL,NULL,0,'N');

INSERT INTO T_FLIGHT
(FLIGHT_ID,SCHEDULE_ID,FLIGHT_NUMBER,DEPARTURE_DATE,DAY_NUMBER,DAY_OF_DEPARTURE,OPERATION_TYPE_ID,ORIGIN,DESTINATION,AVAILABLE_SEAT_KILOMETERS,OVERLAP_SCHEDULE_FLAG,OVERLAP_FLIGHT_INSTANCE_ID,SEATS_ALLOCATED_FLAG,TAIL_NUMBER,MODEL_NUMBER,STATUS,CREATED_BY,CREATED_DATE,MODIFIED_BY,MODIFIED_DATE,VERSION,MANUALLY_CHANGED)
VALUES
(10104,10100,'GG1111',to_date('9-9-2006','MM-DD-YYYY'),0,NULL,2,'CMB','DOH',1,'N',NULL,'N',NULL,'MDL_NBR_UNIT_TSTING','ACTIVE','jhonw',to_date('8-31-2005','MM-DD-YYYY'),NULL,NULL,0,'N');

INSERT INTO T_FLIGHT
(FLIGHT_ID,SCHEDULE_ID,FLIGHT_NUMBER,DEPARTURE_DATE,DAY_NUMBER,DAY_OF_DEPARTURE,OPERATION_TYPE_ID,ORIGIN,DESTINATION,AVAILABLE_SEAT_KILOMETERS,OVERLAP_SCHEDULE_FLAG,OVERLAP_FLIGHT_INSTANCE_ID,SEATS_ALLOCATED_FLAG,TAIL_NUMBER,MODEL_NUMBER,STATUS,CREATED_BY,CREATED_DATE,MODIFIED_BY,MODIFIED_DATE,VERSION,MANUALLY_CHANGED)
VALUES
(10105,10100,'GG1111',to_date('9-11-2006','MM-DD-YYYY'),2,NULL,2,'CMB','DOH',1,'N',NULL,'N',NULL,'MDL_NBR_UNIT_TSTING','ACTIVE','jhonw',to_date('8-31-2005','MM-DD-YYYY'),NULL,NULL,0,'N');

INSERT INTO T_FLIGHT
(FLIGHT_ID,SCHEDULE_ID,FLIGHT_NUMBER,DEPARTURE_DATE,DAY_NUMBER,DAY_OF_DEPARTURE,OPERATION_TYPE_ID,ORIGIN,DESTINATION,AVAILABLE_SEAT_KILOMETERS,OVERLAP_SCHEDULE_FLAG,OVERLAP_FLIGHT_INSTANCE_ID,SEATS_ALLOCATED_FLAG,TAIL_NUMBER,MODEL_NUMBER,STATUS,CREATED_BY,CREATED_DATE,MODIFIED_BY,MODIFIED_DATE,VERSION,MANUALLY_CHANGED)
VALUES
(10106,10100,'GG1111',to_date('9-12-2006','MM-DD-YYYY'),3,NULL,2,'CMB','DOH',1,'N',NULL,'N',NULL,'MDL_NBR_UNIT_TSTING','ACTIVE','jhonw',to_date('8-31-2005','MM-DD-YYYY'),NULL,NULL,0,'N');

INSERT INTO T_FLIGHT
(FLIGHT_ID,SCHEDULE_ID,FLIGHT_NUMBER,DEPARTURE_DATE,DAY_NUMBER,DAY_OF_DEPARTURE,OPERATION_TYPE_ID,ORIGIN,DESTINATION,AVAILABLE_SEAT_KILOMETERS,OVERLAP_SCHEDULE_FLAG,OVERLAP_FLIGHT_INSTANCE_ID,SEATS_ALLOCATED_FLAG,TAIL_NUMBER,MODEL_NUMBER,STATUS,CREATED_BY,CREATED_DATE,MODIFIED_BY,MODIFIED_DATE,VERSION,MANUALLY_CHANGED)
VALUES
(10107,10100,'GG1111',to_date('9-14-2006','MM-DD-YYYY'),5,NULL,2,'CMB','DOH',1,'N',NULL,'N',NULL,'MDL_NBR_UNIT_TSTING','ACTIVE','jhonw',to_date('8-31-2005','MM-DD-YYYY'),NULL,NULL,0,'N');

INSERT INTO T_FLIGHT
(FLIGHT_ID,SCHEDULE_ID,FLIGHT_NUMBER,DEPARTURE_DATE,DAY_NUMBER,DAY_OF_DEPARTURE,OPERATION_TYPE_ID,ORIGIN,DESTINATION,AVAILABLE_SEAT_KILOMETERS,OVERLAP_SCHEDULE_FLAG,OVERLAP_FLIGHT_INSTANCE_ID,SEATS_ALLOCATED_FLAG,TAIL_NUMBER,MODEL_NUMBER,STATUS,CREATED_BY,CREATED_DATE,MODIFIED_BY,MODIFIED_DATE,VERSION,MANUALLY_CHANGED)
VALUES
(10108,10100,'GG1111',to_date('9-16-2006','MM-DD-YYYY'),0,NULL,2,'CMB','DOH',1,'N',NULL,'N',NULL,'MDL_NBR_UNIT_TSTING','ACTIVE','jhonw',to_date('8-31-2005','MM-DD-YYYY'),NULL,NULL,0,'N');

INSERT INTO T_FLIGHT
(FLIGHT_ID,SCHEDULE_ID,FLIGHT_NUMBER,DEPARTURE_DATE,DAY_NUMBER,DAY_OF_DEPARTURE,OPERATION_TYPE_ID,ORIGIN,DESTINATION,AVAILABLE_SEAT_KILOMETERS,OVERLAP_SCHEDULE_FLAG,OVERLAP_FLIGHT_INSTANCE_ID,SEATS_ALLOCATED_FLAG,TAIL_NUMBER,MODEL_NUMBER,STATUS,CREATED_BY,CREATED_DATE,MODIFIED_BY,MODIFIED_DATE,VERSION,MANUALLY_CHANGED)
VALUES
(10109,10100,'GG1111',to_date('9-18-2006','MM-DD-YYYY'),2,NULL,2,'CMB','DOH',1,'N',NULL,'N',NULL,'MDL_NBR_UNIT_TSTING','ACTIVE','jhonw',to_date('8-31-2005','MM-DD-YYYY'),NULL,NULL,0,'N');

INSERT INTO T_FLIGHT
(FLIGHT_ID,SCHEDULE_ID,FLIGHT_NUMBER,DEPARTURE_DATE,DAY_NUMBER,DAY_OF_DEPARTURE,OPERATION_TYPE_ID,ORIGIN,DESTINATION,AVAILABLE_SEAT_KILOMETERS,OVERLAP_SCHEDULE_FLAG,OVERLAP_FLIGHT_INSTANCE_ID,SEATS_ALLOCATED_FLAG,TAIL_NUMBER,MODEL_NUMBER,STATUS,CREATED_BY,CREATED_DATE,MODIFIED_BY,MODIFIED_DATE,VERSION,MANUALLY_CHANGED)
VALUES
(10110,10100,'GG1111',to_date('9-19-2006','MM-DD-YYYY'),3,NULL,2,'CMB','DOH',1,'N',NULL,'N',NULL,'MDL_NBR_UNIT_TSTING','ACTIVE','jhonw',to_date('8-31-2005','MM-DD-YYYY'),NULL,NULL,0,'N');

INSERT INTO T_FLIGHT
(FLIGHT_ID,SCHEDULE_ID,FLIGHT_NUMBER,DEPARTURE_DATE,DAY_NUMBER,DAY_OF_DEPARTURE,OPERATION_TYPE_ID,ORIGIN,DESTINATION,AVAILABLE_SEAT_KILOMETERS,OVERLAP_SCHEDULE_FLAG,OVERLAP_FLIGHT_INSTANCE_ID,SEATS_ALLOCATED_FLAG,TAIL_NUMBER,MODEL_NUMBER,STATUS,CREATED_BY,CREATED_DATE,MODIFIED_BY,MODIFIED_DATE,VERSION,MANUALLY_CHANGED)
VALUES
(10111,10100,'GG1111',to_date('9-21-2006','MM-DD-YYYY'),5,NULL,2,'CMB','DOH',1,'N',NULL,'N',NULL,'MDL_NBR_UNIT_TSTING','ACTIVE','jhonw',to_date('8-31-2005','MM-DD-YYYY'),NULL,NULL,0,'N');

INSERT INTO T_FLIGHT
(FLIGHT_ID,SCHEDULE_ID,FLIGHT_NUMBER,DEPARTURE_DATE,DAY_NUMBER,DAY_OF_DEPARTURE,OPERATION_TYPE_ID,ORIGIN,DESTINATION,AVAILABLE_SEAT_KILOMETERS,OVERLAP_SCHEDULE_FLAG,OVERLAP_FLIGHT_INSTANCE_ID,SEATS_ALLOCATED_FLAG,TAIL_NUMBER,MODEL_NUMBER,STATUS,CREATED_BY,CREATED_DATE,MODIFIED_BY,MODIFIED_DATE,VERSION,MANUALLY_CHANGED)
VALUES
(10112,10100,'GG1111',to_date('9-23-2006','MM-DD-YYYY'),0,NULL,2,'CMB','DOH',1,'N',NULL,'N',NULL,'MDL_NBR_UNIT_TSTING','ACTIVE','jhonw',to_date('8-31-2005','MM-DD-YYYY'),NULL,NULL,0,'N');

INSERT INTO T_FLIGHT
(FLIGHT_ID,SCHEDULE_ID,FLIGHT_NUMBER,DEPARTURE_DATE,DAY_NUMBER,DAY_OF_DEPARTURE,OPERATION_TYPE_ID,ORIGIN,DESTINATION,AVAILABLE_SEAT_KILOMETERS,OVERLAP_SCHEDULE_FLAG,OVERLAP_FLIGHT_INSTANCE_ID,SEATS_ALLOCATED_FLAG,TAIL_NUMBER,MODEL_NUMBER,STATUS,CREATED_BY,CREATED_DATE,MODIFIED_BY,MODIFIED_DATE,VERSION,MANUALLY_CHANGED)
VALUES
(10113,10100,'GG1111',to_date('9-25-2006','MM-DD-YYYY'),2,NULL,2,'CMB','DOH',1,'N',NULL,'N',NULL,'MDL_NBR_UNIT_TSTING','ACTIVE','jhonw',to_date('8-31-2005','MM-DD-YYYY'),NULL,NULL,0,'N');


INSERT INTO T_FLIGHT_LEG
(FLIGHT_LEG_ID,FLIGHT_ID,LEG_NUMBER,ORIGIN,DESTINATION,DURATION,DEPARTURE_DAY_OFFSET,ARRIVAL_DAY_OFFSET,VERSION,ROUTE_ID,EST_TIME_DEPARTURE_ZULU,STD_TIME_DEPARTURE_ZULU,EST_TIME_ARRIVAL_ZULU,STD_TIME_ARRIVAL_ZULU,EST_TIME_DEPARTURE_LOCAL,STD_TIME_DEPARTURE_LOCAL,EST_TIME_ARRIVAL_LOCAL,STD_TIME_ARRIVAL_LOCAL,STD_DEPARTURE_DAY_OFFSET,STD_ARRIVAL_DAY_OFFSET,EST_DEPARTURE_DAY_OFFSET,EST_ARRIVAL_DAY_OFFSET)
VALUES
(10100,10100,1,'CMB','DOH',8,NULL,NULL,0,'CMB/DOH',NULL,NULL,NULL,NULL,NULL,NULL,NULL,NULL,0,0,0,0);

INSERT INTO T_FLIGHT_LEG
(FLIGHT_LEG_ID,FLIGHT_ID,LEG_NUMBER,ORIGIN,DESTINATION,DURATION,DEPARTURE_DAY_OFFSET,ARRIVAL_DAY_OFFSET,VERSION,ROUTE_ID,EST_TIME_DEPARTURE_ZULU,STD_TIME_DEPARTURE_ZULU,EST_TIME_ARRIVAL_ZULU,STD_TIME_ARRIVAL_ZULU,EST_TIME_DEPARTURE_LOCAL,STD_TIME_DEPARTURE_LOCAL,EST_TIME_ARRIVAL_LOCAL,STD_TIME_ARRIVAL_LOCAL,STD_DEPARTURE_DAY_OFFSET,STD_ARRIVAL_DAY_OFFSET,EST_DEPARTURE_DAY_OFFSET,EST_ARRIVAL_DAY_OFFSET)
VALUES
(10101,10101,1,'CMB','DOH',8,NULL,NULL,0,'CMB/DOH',NULL,NULL,NULL,NULL,NULL,NULL,NULL,NULL,0,0,0,0);	

INSERT INTO T_FLIGHT_LEG
(FLIGHT_LEG_ID,FLIGHT_ID,LEG_NUMBER,ORIGIN,DESTINATION,DURATION,DEPARTURE_DAY_OFFSET,ARRIVAL_DAY_OFFSET,VERSION,ROUTE_ID,EST_TIME_DEPARTURE_ZULU,STD_TIME_DEPARTURE_ZULU,EST_TIME_ARRIVAL_ZULU,STD_TIME_ARRIVAL_ZULU,EST_TIME_DEPARTURE_LOCAL,STD_TIME_DEPARTURE_LOCAL,EST_TIME_ARRIVAL_LOCAL,STD_TIME_ARRIVAL_LOCAL,STD_DEPARTURE_DAY_OFFSET,STD_ARRIVAL_DAY_OFFSET,EST_DEPARTURE_DAY_OFFSET,EST_ARRIVAL_DAY_OFFSET)
VALUES
(10102,10102,1,'CMB','DOH',8,NULL,NULL,0,'CMB/DOH',NULL,NULL,NULL,NULL,NULL,NULL,NULL,NULL,0,0,0,0);

INSERT INTO T_FLIGHT_LEG
(FLIGHT_LEG_ID,FLIGHT_ID,LEG_NUMBER,ORIGIN,DESTINATION,DURATION,DEPARTURE_DAY_OFFSET,ARRIVAL_DAY_OFFSET,VERSION,ROUTE_ID,EST_TIME_DEPARTURE_ZULU,STD_TIME_DEPARTURE_ZULU,EST_TIME_ARRIVAL_ZULU,STD_TIME_ARRIVAL_ZULU,EST_TIME_DEPARTURE_LOCAL,STD_TIME_DEPARTURE_LOCAL,EST_TIME_ARRIVAL_LOCAL,STD_TIME_ARRIVAL_LOCAL,STD_DEPARTURE_DAY_OFFSET,STD_ARRIVAL_DAY_OFFSET,EST_DEPARTURE_DAY_OFFSET,EST_ARRIVAL_DAY_OFFSET)
VALUES
(10103,10103,1,'CMB','DOH',8,NULL,NULL,0,'CMB/DOH',NULL,NULL,NULL,NULL,NULL,NULL,NULL,NULL,0,0,0,0);

INSERT INTO T_FLIGHT_LEG
(FLIGHT_LEG_ID,FLIGHT_ID,LEG_NUMBER,ORIGIN,DESTINATION,DURATION,DEPARTURE_DAY_OFFSET,ARRIVAL_DAY_OFFSET,VERSION,ROUTE_ID,EST_TIME_DEPARTURE_ZULU,STD_TIME_DEPARTURE_ZULU,EST_TIME_ARRIVAL_ZULU,STD_TIME_ARRIVAL_ZULU,EST_TIME_DEPARTURE_LOCAL,STD_TIME_DEPARTURE_LOCAL,EST_TIME_ARRIVAL_LOCAL,STD_TIME_ARRIVAL_LOCAL,STD_DEPARTURE_DAY_OFFSET,STD_ARRIVAL_DAY_OFFSET,EST_DEPARTURE_DAY_OFFSET,EST_ARRIVAL_DAY_OFFSET)
VALUES
(10104,10104,1,'CMB','DOH',8,NULL,NULL,0,'CMB/DOH',NULL,NULL,NULL,NULL,NULL,NULL,NULL,NULL,0,0,0,0);	

INSERT INTO T_FLIGHT_LEG
(FLIGHT_LEG_ID,FLIGHT_ID,LEG_NUMBER,ORIGIN,DESTINATION,DURATION,DEPARTURE_DAY_OFFSET,ARRIVAL_DAY_OFFSET,VERSION,ROUTE_ID,EST_TIME_DEPARTURE_ZULU,STD_TIME_DEPARTURE_ZULU,EST_TIME_ARRIVAL_ZULU,STD_TIME_ARRIVAL_ZULU,EST_TIME_DEPARTURE_LOCAL,STD_TIME_DEPARTURE_LOCAL,EST_TIME_ARRIVAL_LOCAL,STD_TIME_ARRIVAL_LOCAL,STD_DEPARTURE_DAY_OFFSET,STD_ARRIVAL_DAY_OFFSET,EST_DEPARTURE_DAY_OFFSET,EST_ARRIVAL_DAY_OFFSET)
VALUES
(10105,10105,1,'CMB','DOH',8,NULL,NULL,0,'CMB/DOH',NULL,NULL,NULL,NULL,NULL,NULL,NULL,NULL,0,0,0,0);

INSERT INTO T_FLIGHT_LEG
(FLIGHT_LEG_ID,FLIGHT_ID,LEG_NUMBER,ORIGIN,DESTINATION,DURATION,DEPARTURE_DAY_OFFSET,ARRIVAL_DAY_OFFSET,VERSION,ROUTE_ID,EST_TIME_DEPARTURE_ZULU,STD_TIME_DEPARTURE_ZULU,EST_TIME_ARRIVAL_ZULU,STD_TIME_ARRIVAL_ZULU,EST_TIME_DEPARTURE_LOCAL,STD_TIME_DEPARTURE_LOCAL,EST_TIME_ARRIVAL_LOCAL,STD_TIME_ARRIVAL_LOCAL,STD_DEPARTURE_DAY_OFFSET,STD_ARRIVAL_DAY_OFFSET,EST_DEPARTURE_DAY_OFFSET,EST_ARRIVAL_DAY_OFFSET)
VALUES
(10106,10106,1,'CMB','DOH',8,NULL,NULL,0,'CMB/DOH',NULL,NULL,NULL,NULL,NULL,NULL,NULL,NULL,0,0,0,0);

INSERT INTO T_FLIGHT_LEG
(FLIGHT_LEG_ID,FLIGHT_ID,LEG_NUMBER,ORIGIN,DESTINATION,DURATION,DEPARTURE_DAY_OFFSET,ARRIVAL_DAY_OFFSET,VERSION,ROUTE_ID,EST_TIME_DEPARTURE_ZULU,STD_TIME_DEPARTURE_ZULU,EST_TIME_ARRIVAL_ZULU,STD_TIME_ARRIVAL_ZULU,EST_TIME_DEPARTURE_LOCAL,STD_TIME_DEPARTURE_LOCAL,EST_TIME_ARRIVAL_LOCAL,STD_TIME_ARRIVAL_LOCAL,STD_DEPARTURE_DAY_OFFSET,STD_ARRIVAL_DAY_OFFSET,EST_DEPARTURE_DAY_OFFSET,EST_ARRIVAL_DAY_OFFSET)
VALUES
(10107,10107,1,'CMB','DOH',8,NULL,NULL,0,'CMB/DOH',NULL,NULL,NULL,NULL,NULL,NULL,NULL,NULL,0,0,0,0);	

INSERT INTO T_FLIGHT_LEG
(FLIGHT_LEG_ID,FLIGHT_ID,LEG_NUMBER,ORIGIN,DESTINATION,DURATION,DEPARTURE_DAY_OFFSET,ARRIVAL_DAY_OFFSET,VERSION,ROUTE_ID,EST_TIME_DEPARTURE_ZULU,STD_TIME_DEPARTURE_ZULU,EST_TIME_ARRIVAL_ZULU,STD_TIME_ARRIVAL_ZULU,EST_TIME_DEPARTURE_LOCAL,STD_TIME_DEPARTURE_LOCAL,EST_TIME_ARRIVAL_LOCAL,STD_TIME_ARRIVAL_LOCAL,STD_DEPARTURE_DAY_OFFSET,STD_ARRIVAL_DAY_OFFSET,EST_DEPARTURE_DAY_OFFSET,EST_ARRIVAL_DAY_OFFSET)
VALUES
(10108,10108,1,'CMB','DOH',8,NULL,NULL,0,'CMB/DOH',NULL,NULL,NULL,NULL,NULL,NULL,NULL,NULL,0,0,0,0);

INSERT INTO T_FLIGHT_LEG
(FLIGHT_LEG_ID,FLIGHT_ID,LEG_NUMBER,ORIGIN,DESTINATION,DURATION,DEPARTURE_DAY_OFFSET,ARRIVAL_DAY_OFFSET,VERSION,ROUTE_ID,EST_TIME_DEPARTURE_ZULU,STD_TIME_DEPARTURE_ZULU,EST_TIME_ARRIVAL_ZULU,STD_TIME_ARRIVAL_ZULU,EST_TIME_DEPARTURE_LOCAL,STD_TIME_DEPARTURE_LOCAL,EST_TIME_ARRIVAL_LOCAL,STD_TIME_ARRIVAL_LOCAL,STD_DEPARTURE_DAY_OFFSET,STD_ARRIVAL_DAY_OFFSET,EST_DEPARTURE_DAY_OFFSET,EST_ARRIVAL_DAY_OFFSET)
VALUES
(10109,10109,1,'CMB','DOH',8,NULL,NULL,0,'CMB/DOH',NULL,NULL,NULL,NULL,NULL,NULL,NULL,NULL,0,0,0,0);

INSERT INTO T_FLIGHT_LEG
(FLIGHT_LEG_ID,FLIGHT_ID,LEG_NUMBER,ORIGIN,DESTINATION,DURATION,DEPARTURE_DAY_OFFSET,ARRIVAL_DAY_OFFSET,VERSION,ROUTE_ID,EST_TIME_DEPARTURE_ZULU,STD_TIME_DEPARTURE_ZULU,EST_TIME_ARRIVAL_ZULU,STD_TIME_ARRIVAL_ZULU,EST_TIME_DEPARTURE_LOCAL,STD_TIME_DEPARTURE_LOCAL,EST_TIME_ARRIVAL_LOCAL,STD_TIME_ARRIVAL_LOCAL,STD_DEPARTURE_DAY_OFFSET,STD_ARRIVAL_DAY_OFFSET,EST_DEPARTURE_DAY_OFFSET,EST_ARRIVAL_DAY_OFFSET)
VALUES
(10110,10110,1,'CMB','DOH',8,NULL,NULL,0,'CMB/DOH',NULL,NULL,NULL,NULL,NULL,NULL,NULL,NULL,0,0,0,0);	

INSERT INTO T_FLIGHT_LEG
(FLIGHT_LEG_ID,FLIGHT_ID,LEG_NUMBER,ORIGIN,DESTINATION,DURATION,DEPARTURE_DAY_OFFSET,ARRIVAL_DAY_OFFSET,VERSION,ROUTE_ID,EST_TIME_DEPARTURE_ZULU,STD_TIME_DEPARTURE_ZULU,EST_TIME_ARRIVAL_ZULU,STD_TIME_ARRIVAL_ZULU,EST_TIME_DEPARTURE_LOCAL,STD_TIME_DEPARTURE_LOCAL,EST_TIME_ARRIVAL_LOCAL,STD_TIME_ARRIVAL_LOCAL,STD_DEPARTURE_DAY_OFFSET,STD_ARRIVAL_DAY_OFFSET,EST_DEPARTURE_DAY_OFFSET,EST_ARRIVAL_DAY_OFFSET)
VALUES
(10111,10111,1,'CMB','DOH',8,NULL,NULL,0,'CMB/DOH',NULL,NULL,NULL,NULL,NULL,NULL,NULL,NULL,0,0,0,0);

INSERT INTO T_FLIGHT_LEG
(FLIGHT_LEG_ID,FLIGHT_ID,LEG_NUMBER,ORIGIN,DESTINATION,DURATION,DEPARTURE_DAY_OFFSET,ARRIVAL_DAY_OFFSET,VERSION,ROUTE_ID,EST_TIME_DEPARTURE_ZULU,STD_TIME_DEPARTURE_ZULU,EST_TIME_ARRIVAL_ZULU,STD_TIME_ARRIVAL_ZULU,EST_TIME_DEPARTURE_LOCAL,STD_TIME_DEPARTURE_LOCAL,EST_TIME_ARRIVAL_LOCAL,STD_TIME_ARRIVAL_LOCAL,STD_DEPARTURE_DAY_OFFSET,STD_ARRIVAL_DAY_OFFSET,EST_DEPARTURE_DAY_OFFSET,EST_ARRIVAL_DAY_OFFSET)
VALUES
(10112,10112,1,'CMB','DOH',8,NULL,NULL,0,'CMB/DOH',NULL,NULL,NULL,NULL,NULL,NULL,NULL,NULL,0,0,0,0);

INSERT INTO T_FLIGHT_LEG
(FLIGHT_LEG_ID,FLIGHT_ID,LEG_NUMBER,ORIGIN,DESTINATION,DURATION,DEPARTURE_DAY_OFFSET,ARRIVAL_DAY_OFFSET,VERSION,ROUTE_ID,EST_TIME_DEPARTURE_ZULU,STD_TIME_DEPARTURE_ZULU,EST_TIME_ARRIVAL_ZULU,STD_TIME_ARRIVAL_ZULU,EST_TIME_DEPARTURE_LOCAL,STD_TIME_DEPARTURE_LOCAL,EST_TIME_ARRIVAL_LOCAL,STD_TIME_ARRIVAL_LOCAL,STD_DEPARTURE_DAY_OFFSET,STD_ARRIVAL_DAY_OFFSET,EST_DEPARTURE_DAY_OFFSET,EST_ARRIVAL_DAY_OFFSET)
VALUES
(10113,10113,1,'CMB','DOH',8,NULL,NULL,0,'CMB/DOH',NULL,NULL,NULL,NULL,NULL,NULL,NULL,NULL,0,0,0,0);	


INSERT INTO T_FLIGHT_SEGMENT
(FLT_SEG_ID,FLIGHT_ID,SEGMENT_CODE,SEGMENT_VALID_FLAG,SEGMENT_PRIORITY,VERSION)
VALUES
(10100,10100,'CMB/DOH','Y',1,0);

INSERT INTO T_FLIGHT_SEGMENT
(FLT_SEG_ID,FLIGHT_ID,SEGMENT_CODE,SEGMENT_VALID_FLAG,SEGMENT_PRIORITY,VERSION)
VALUES
(10101,10101,'CMB/DOH','Y',1,0);

INSERT INTO T_FLIGHT_SEGMENT
(FLT_SEG_ID,FLIGHT_ID,SEGMENT_CODE,SEGMENT_VALID_FLAG,SEGMENT_PRIORITY,VERSION)
VALUES
(10102,10102,'CMB/DOH','Y',1,0);

INSERT INTO T_FLIGHT_SEGMENT
(FLT_SEG_ID,FLIGHT_ID,SEGMENT_CODE,SEGMENT_VALID_FLAG,SEGMENT_PRIORITY,VERSION)
VALUES
(10103,10103,'CMB/DOH','Y',1,0);

INSERT INTO T_FLIGHT_SEGMENT
(FLT_SEG_ID,FLIGHT_ID,SEGMENT_CODE,SEGMENT_VALID_FLAG,SEGMENT_PRIORITY,VERSION)
VALUES
(10104,10104,'CMB/DOH','Y',1,0);

INSERT INTO T_FLIGHT_SEGMENT
(FLT_SEG_ID,FLIGHT_ID,SEGMENT_CODE,SEGMENT_VALID_FLAG,SEGMENT_PRIORITY,VERSION)
VALUES
(10105,10105,'CMB/DOH','Y',1,0);

INSERT INTO T_FLIGHT_SEGMENT
(FLT_SEG_ID,FLIGHT_ID,SEGMENT_CODE,SEGMENT_VALID_FLAG,SEGMENT_PRIORITY,VERSION)
VALUES
(10106,10106,'CMB/DOH','Y',1,0);

INSERT INTO T_FLIGHT_SEGMENT
(FLT_SEG_ID,FLIGHT_ID,SEGMENT_CODE,SEGMENT_VALID_FLAG,SEGMENT_PRIORITY,VERSION)
VALUES
(10107,10107,'CMB/DOH','Y',1,0);

INSERT INTO T_FLIGHT_SEGMENT
(FLT_SEG_ID,FLIGHT_ID,SEGMENT_CODE,SEGMENT_VALID_FLAG,SEGMENT_PRIORITY,VERSION)
VALUES
(10108,10108,'CMB/DOH','Y',1,0);

INSERT INTO T_FLIGHT_SEGMENT
(FLT_SEG_ID,FLIGHT_ID,SEGMENT_CODE,SEGMENT_VALID_FLAG,SEGMENT_PRIORITY,VERSION)
VALUES
(10109,10109,'CMB/DOH','Y',1,0);

INSERT INTO T_FLIGHT_SEGMENT
(FLT_SEG_ID,FLIGHT_ID,SEGMENT_CODE,SEGMENT_VALID_FLAG,SEGMENT_PRIORITY,VERSION)
VALUES
(10110,10110,'CMB/DOH','Y',1,0);

INSERT INTO T_FLIGHT_SEGMENT
(FLT_SEG_ID,FLIGHT_ID,SEGMENT_CODE,SEGMENT_VALID_FLAG,SEGMENT_PRIORITY,VERSION)
VALUES
(10111,10111,'CMB/DOH','Y',1,0);

INSERT INTO T_FLIGHT_SEGMENT
(FLT_SEG_ID,FLIGHT_ID,SEGMENT_CODE,SEGMENT_VALID_FLAG,SEGMENT_PRIORITY,VERSION)
VALUES
(10112,10112,'CMB/DOH','Y',1,0);

INSERT INTO T_FLIGHT_SEGMENT
(FLT_SEG_ID,FLIGHT_ID,SEGMENT_CODE,SEGMENT_VALID_FLAG,SEGMENT_PRIORITY,VERSION)
VALUES
(10113,10113,'CMB/DOH','Y',1,0);






INSERT INTO T_FLIGHT
(FLIGHT_ID,SCHEDULE_ID,FLIGHT_NUMBER,DEPARTURE_DATE,DAY_NUMBER,DAY_OF_DEPARTURE,OPERATION_TYPE_ID,ORIGIN,DESTINATION,AVAILABLE_SEAT_KILOMETERS,OVERLAP_SCHEDULE_FLAG,OVERLAP_FLIGHT_INSTANCE_ID,SEATS_ALLOCATED_FLAG,TAIL_NUMBER,MODEL_NUMBER,STATUS,CREATED_BY,CREATED_DATE,MODIFIED_BY,MODIFIED_DATE,VERSION,MANUALLY_CHANGED)
VALUES
(10025,NULL,'GG1111',to_date('3-17-2006','MM-DD-YYYY'),6,NULL,1,'CMB','DOH',1,'N',NULL,'N',NULL,'MDL_NBR_UNIT_TSTING','ACTIVE','jhonw',to_date('8-31-2005','MM-DD-YYYY'),NULL,NULL,0,'N');






INSERT INTO T_FLIGHT_SCHEDULE
(SCHEDULE_ID,FLIGHT_NUMBER,MODEL_NUMBER,OPERATION_TYPE_ID,START_DATE,STOP_DATE,FREQUENCY_D0,FREQUENCY_D1,FREQUENCY_D2,FREQUENCY_D3,FREQUENCY_D4,FREQUENCY_D5,FREQUENCY_D6,ORIGIN,DESTINATION,OVERLAP_SCHEDULE_FLAG,AVAILABLE_SEAT_KILOMETERS,NUMBER_OF_DEPARTURES,SCHEDULE_BUILD_STATUS_CODE,SCHEDULE_STATUS_CODE,CREATED_BY,CREATED_DATE,MODIFIED_BY,MODIFIED_DATE,VERSION,MANUALLY_CHANGED)
VALUES
(10200,'SN0000','MDL_NBR_UNIT_TSTING',2, to_date('9-1-2006','MM-DD-YYYY') ,to_date('9-25-2006','MM-DD-YYYY'),1,0,1,1,0,1,0,'CMB','SIN','N',NULL,NULL,'COMPLETE','ACTIVE','jhonw',to_date('8-31-2005','MM-DD-YYYY'),NULL,NULL,0,'N'); 

INSERT INTO T_FLIGHT_SCHEDULE_LEG
(FSL_ID,SCHEDULE_ID,LEG_NUMBER,ORIGIN,DESTINATION,VERSION,DURATION,ROUTE_ID,STD_TIME_DEPARTURE_ZULU,EST_TIME_ARRIVAL_ZULU,STD_TIME_ARRIVAL_ZULU,EST_TIME_DEPARTURE_LOCAL,STD_TIME_DEPARTURE_LOCAL,EST_TIME_ARRIVAL_LOCAL,STD_TIME_ARRIVAL_LOCAL,STD_DEPARTURE_DAY_OFFSET,STD_ARRIVAL_DAY_OFFSET,EST_DEPARTURE_DAY_OFFSET,EST_ARRIVAL_DAY_OFFSET,EST_TIME_DEPARTURE_ZULU)
VALUES
(10200,10200,1,'CMB','SIN',0,8,'CMB/SIN',NULL,NULL,NULL,NULL,NULL,NULL,NULL,0,0,0,0,NULL);

INSERT INTO T_FLIGHT_SCHEDULE_SEGMENT
(FL_SCH_SEG_ID,SCHEDULE_ID,SEGMENT_CODE,SEGMENT_VALID_FLAG,SEGMENT_PRIORITY,VERSION,SEGMENT_INDEX)
VALUES
(10200,10200,'CMB/SIN','Y',1,0,NULL);


INSERT INTO T_FLIGHT
(FLIGHT_ID,SCHEDULE_ID,FLIGHT_NUMBER,DEPARTURE_DATE,DAY_NUMBER,DAY_OF_DEPARTURE,OPERATION_TYPE_ID,ORIGIN,DESTINATION,AVAILABLE_SEAT_KILOMETERS,OVERLAP_SCHEDULE_FLAG,OVERLAP_FLIGHT_INSTANCE_ID,SEATS_ALLOCATED_FLAG,TAIL_NUMBER,MODEL_NUMBER,STATUS,CREATED_BY,CREATED_DATE,MODIFIED_BY,MODIFIED_DATE,VERSION,MANUALLY_CHANGED)
VALUES
(10200,10200,'SN0000',to_date('9-2-2006','MM-DD-YYYY'),0,NULL,2,'CMB','SIN',1,'N',NULL,'N',NULL,'MDL_NBR_UNIT_TSTING','ACTIVE','jhonw',to_date('8-31-2005','MM-DD-YYYY'),NULL,NULL,0,'N');

INSERT INTO T_FLIGHT
(FLIGHT_ID,SCHEDULE_ID,FLIGHT_NUMBER,DEPARTURE_DATE,DAY_NUMBER,DAY_OF_DEPARTURE,OPERATION_TYPE_ID,ORIGIN,DESTINATION,AVAILABLE_SEAT_KILOMETERS,OVERLAP_SCHEDULE_FLAG,OVERLAP_FLIGHT_INSTANCE_ID,SEATS_ALLOCATED_FLAG,TAIL_NUMBER,MODEL_NUMBER,STATUS,CREATED_BY,CREATED_DATE,MODIFIED_BY,MODIFIED_DATE,VERSION,MANUALLY_CHANGED)
VALUES
(10201,10200,'SN0000',to_date('9-4-2006','MM-DD-YYYY'),2,NULL,2,'CMB','SIN',1,'N',NULL,'N',NULL,'MDL_NBR_UNIT_TSTING','ACTIVE','jhonw',to_date('8-31-2005','MM-DD-YYYY'),NULL,NULL,0,'N');

INSERT INTO T_FLIGHT
(FLIGHT_ID,SCHEDULE_ID,FLIGHT_NUMBER,DEPARTURE_DATE,DAY_NUMBER,DAY_OF_DEPARTURE,OPERATION_TYPE_ID,ORIGIN,DESTINATION,AVAILABLE_SEAT_KILOMETERS,OVERLAP_SCHEDULE_FLAG,OVERLAP_FLIGHT_INSTANCE_ID,SEATS_ALLOCATED_FLAG,TAIL_NUMBER,MODEL_NUMBER,STATUS,CREATED_BY,CREATED_DATE,MODIFIED_BY,MODIFIED_DATE,VERSION,MANUALLY_CHANGED)
VALUES
(10202,10200,'SN0000',to_date('9-5-2006','MM-DD-YYYY'),3,NULL,2,'CMB','SIN',1,'N',NULL,'N',NULL,'MDL_NBR_UNIT_TSTING','ACTIVE','jhonw',to_date('8-31-2005','MM-DD-YYYY'),NULL,NULL,0,'N');

INSERT INTO T_FLIGHT
(FLIGHT_ID,SCHEDULE_ID,FLIGHT_NUMBER,DEPARTURE_DATE,DAY_NUMBER,DAY_OF_DEPARTURE,OPERATION_TYPE_ID,ORIGIN,DESTINATION,AVAILABLE_SEAT_KILOMETERS,OVERLAP_SCHEDULE_FLAG,OVERLAP_FLIGHT_INSTANCE_ID,SEATS_ALLOCATED_FLAG,TAIL_NUMBER,MODEL_NUMBER,STATUS,CREATED_BY,CREATED_DATE,MODIFIED_BY,MODIFIED_DATE,VERSION,MANUALLY_CHANGED)
VALUES
(10203,10200,'SN0000',to_date('9-7-2006','MM-DD-YYYY'),5,NULL,2,'CMB','SIN',1,'N',NULL,'N',NULL,'MDL_NBR_UNIT_TSTING','ACTIVE','jhonw',to_date('8-31-2005','MM-DD-YYYY'),NULL,NULL,0,'N');

INSERT INTO T_FLIGHT
(FLIGHT_ID,SCHEDULE_ID,FLIGHT_NUMBER,DEPARTURE_DATE,DAY_NUMBER,DAY_OF_DEPARTURE,OPERATION_TYPE_ID,ORIGIN,DESTINATION,AVAILABLE_SEAT_KILOMETERS,OVERLAP_SCHEDULE_FLAG,OVERLAP_FLIGHT_INSTANCE_ID,SEATS_ALLOCATED_FLAG,TAIL_NUMBER,MODEL_NUMBER,STATUS,CREATED_BY,CREATED_DATE,MODIFIED_BY,MODIFIED_DATE,VERSION,MANUALLY_CHANGED)
VALUES
(10204,10200,'SN0000',to_date('9-9-2006','MM-DD-YYYY'),0,NULL,2,'CMB','SIN',1,'N',NULL,'N',NULL,'MDL_NBR_UNIT_TSTING','ACTIVE','jhonw',to_date('8-31-2005','MM-DD-YYYY'),NULL,NULL,0,'N');

INSERT INTO T_FLIGHT
(FLIGHT_ID,SCHEDULE_ID,FLIGHT_NUMBER,DEPARTURE_DATE,DAY_NUMBER,DAY_OF_DEPARTURE,OPERATION_TYPE_ID,ORIGIN,DESTINATION,AVAILABLE_SEAT_KILOMETERS,OVERLAP_SCHEDULE_FLAG,OVERLAP_FLIGHT_INSTANCE_ID,SEATS_ALLOCATED_FLAG,TAIL_NUMBER,MODEL_NUMBER,STATUS,CREATED_BY,CREATED_DATE,MODIFIED_BY,MODIFIED_DATE,VERSION,MANUALLY_CHANGED)
VALUES
(10205,10200,'SN0000',to_date('9-11-2006','MM-DD-YYYY'),2,NULL,2,'CMB','SIN',1,'N',NULL,'N',NULL,'MDL_NBR_UNIT_TSTING','ACTIVE','jhonw',to_date('8-31-2005','MM-DD-YYYY'),NULL,NULL,0,'N');

INSERT INTO T_FLIGHT
(FLIGHT_ID,SCHEDULE_ID,FLIGHT_NUMBER,DEPARTURE_DATE,DAY_NUMBER,DAY_OF_DEPARTURE,OPERATION_TYPE_ID,ORIGIN,DESTINATION,AVAILABLE_SEAT_KILOMETERS,OVERLAP_SCHEDULE_FLAG,OVERLAP_FLIGHT_INSTANCE_ID,SEATS_ALLOCATED_FLAG,TAIL_NUMBER,MODEL_NUMBER,STATUS,CREATED_BY,CREATED_DATE,MODIFIED_BY,MODIFIED_DATE,VERSION,MANUALLY_CHANGED)
VALUES
(10206,10200,'SN0000',to_date('9-12-2006','MM-DD-YYYY'),3,NULL,2,'CMB','SIN',1,'N',NULL,'N',NULL,'MDL_NBR_UNIT_TSTING','ACTIVE','jhonw',to_date('8-31-2005','MM-DD-YYYY'),NULL,NULL,0,'N');

INSERT INTO T_FLIGHT
(FLIGHT_ID,SCHEDULE_ID,FLIGHT_NUMBER,DEPARTURE_DATE,DAY_NUMBER,DAY_OF_DEPARTURE,OPERATION_TYPE_ID,ORIGIN,DESTINATION,AVAILABLE_SEAT_KILOMETERS,OVERLAP_SCHEDULE_FLAG,OVERLAP_FLIGHT_INSTANCE_ID,SEATS_ALLOCATED_FLAG,TAIL_NUMBER,MODEL_NUMBER,STATUS,CREATED_BY,CREATED_DATE,MODIFIED_BY,MODIFIED_DATE,VERSION,MANUALLY_CHANGED)
VALUES
(10207,10200,'SN0000',to_date('9-14-2006','MM-DD-YYYY'),5,NULL,2,'CMB','SIN',1,'N',NULL,'N',NULL,'MDL_NBR_UNIT_TSTING','ACTIVE','jhonw',to_date('8-31-2005','MM-DD-YYYY'),NULL,NULL,0,'N');

INSERT INTO T_FLIGHT
(FLIGHT_ID,SCHEDULE_ID,FLIGHT_NUMBER,DEPARTURE_DATE,DAY_NUMBER,DAY_OF_DEPARTURE,OPERATION_TYPE_ID,ORIGIN,DESTINATION,AVAILABLE_SEAT_KILOMETERS,OVERLAP_SCHEDULE_FLAG,OVERLAP_FLIGHT_INSTANCE_ID,SEATS_ALLOCATED_FLAG,TAIL_NUMBER,MODEL_NUMBER,STATUS,CREATED_BY,CREATED_DATE,MODIFIED_BY,MODIFIED_DATE,VERSION,MANUALLY_CHANGED)
VALUES
(10208,10200,'SN0000',to_date('9-16-2006','MM-DD-YYYY'),0,NULL,2,'CMB','SIN',1,'N',NULL,'N',NULL,'MDL_NBR_UNIT_TSTING','ACTIVE','jhonw',to_date('8-31-2005','MM-DD-YYYY'),NULL,NULL,0,'N');

INSERT INTO T_FLIGHT
(FLIGHT_ID,SCHEDULE_ID,FLIGHT_NUMBER,DEPARTURE_DATE,DAY_NUMBER,DAY_OF_DEPARTURE,OPERATION_TYPE_ID,ORIGIN,DESTINATION,AVAILABLE_SEAT_KILOMETERS,OVERLAP_SCHEDULE_FLAG,OVERLAP_FLIGHT_INSTANCE_ID,SEATS_ALLOCATED_FLAG,TAIL_NUMBER,MODEL_NUMBER,STATUS,CREATED_BY,CREATED_DATE,MODIFIED_BY,MODIFIED_DATE,VERSION,MANUALLY_CHANGED)
VALUES
(10209,10200,'SN0000',to_date('9-18-2006','MM-DD-YYYY'),2,NULL,2,'CMB','SIN',1,'N',NULL,'N',NULL,'MDL_NBR_UNIT_TSTING','ACTIVE','jhonw',to_date('8-31-2005','MM-DD-YYYY'),NULL,NULL,0,'N');

INSERT INTO T_FLIGHT
(FLIGHT_ID,SCHEDULE_ID,FLIGHT_NUMBER,DEPARTURE_DATE,DAY_NUMBER,DAY_OF_DEPARTURE,OPERATION_TYPE_ID,ORIGIN,DESTINATION,AVAILABLE_SEAT_KILOMETERS,OVERLAP_SCHEDULE_FLAG,OVERLAP_FLIGHT_INSTANCE_ID,SEATS_ALLOCATED_FLAG,TAIL_NUMBER,MODEL_NUMBER,STATUS,CREATED_BY,CREATED_DATE,MODIFIED_BY,MODIFIED_DATE,VERSION,MANUALLY_CHANGED)
VALUES
(10210,10200,'SN0000',to_date('9-19-2006','MM-DD-YYYY'),3,NULL,2,'CMB','SIN',1,'N',NULL,'N',NULL,'MDL_NBR_UNIT_TSTING','ACTIVE','jhonw',to_date('8-31-2005','MM-DD-YYYY'),NULL,NULL,0,'N');

INSERT INTO T_FLIGHT
(FLIGHT_ID,SCHEDULE_ID,FLIGHT_NUMBER,DEPARTURE_DATE,DAY_NUMBER,DAY_OF_DEPARTURE,OPERATION_TYPE_ID,ORIGIN,DESTINATION,AVAILABLE_SEAT_KILOMETERS,OVERLAP_SCHEDULE_FLAG,OVERLAP_FLIGHT_INSTANCE_ID,SEATS_ALLOCATED_FLAG,TAIL_NUMBER,MODEL_NUMBER,STATUS,CREATED_BY,CREATED_DATE,MODIFIED_BY,MODIFIED_DATE,VERSION,MANUALLY_CHANGED)
VALUES
(10211,10200,'SN0000',to_date('9-21-2006','MM-DD-YYYY'),5,NULL,2,'CMB','SIN',1,'N',NULL,'N',NULL,'MDL_NBR_UNIT_TSTING','ACTIVE','jhonw',to_date('8-31-2005','MM-DD-YYYY'),NULL,NULL,0,'N');

INSERT INTO T_FLIGHT
(FLIGHT_ID,SCHEDULE_ID,FLIGHT_NUMBER,DEPARTURE_DATE,DAY_NUMBER,DAY_OF_DEPARTURE,OPERATION_TYPE_ID,ORIGIN,DESTINATION,AVAILABLE_SEAT_KILOMETERS,OVERLAP_SCHEDULE_FLAG,OVERLAP_FLIGHT_INSTANCE_ID,SEATS_ALLOCATED_FLAG,TAIL_NUMBER,MODEL_NUMBER,STATUS,CREATED_BY,CREATED_DATE,MODIFIED_BY,MODIFIED_DATE,VERSION,MANUALLY_CHANGED)
VALUES
(10212,10200,'SN0000',to_date('9-23-2006','MM-DD-YYYY'),0,NULL,2,'CMB','SIN',1,'N',NULL,'N',NULL,'MDL_NBR_UNIT_TSTING','ACTIVE','jhonw',to_date('8-31-2005','MM-DD-YYYY'),NULL,NULL,0,'N');

INSERT INTO T_FLIGHT
(FLIGHT_ID,SCHEDULE_ID,FLIGHT_NUMBER,DEPARTURE_DATE,DAY_NUMBER,DAY_OF_DEPARTURE,OPERATION_TYPE_ID,ORIGIN,DESTINATION,AVAILABLE_SEAT_KILOMETERS,OVERLAP_SCHEDULE_FLAG,OVERLAP_FLIGHT_INSTANCE_ID,SEATS_ALLOCATED_FLAG,TAIL_NUMBER,MODEL_NUMBER,STATUS,CREATED_BY,CREATED_DATE,MODIFIED_BY,MODIFIED_DATE,VERSION,MANUALLY_CHANGED)
VALUES
(10213,10200,'SN0000',to_date('9-25-2006','MM-DD-YYYY'),2,NULL,2,'CMB','SIN',1,'N',NULL,'N',NULL,'MDL_NBR_UNIT_TSTING','ACTIVE','jhonw',to_date('8-31-2005','MM-DD-YYYY'),NULL,NULL,0,'N');


INSERT INTO T_FLIGHT_LEG
(FLIGHT_LEG_ID,FLIGHT_ID,LEG_NUMBER,ORIGIN,DESTINATION,DURATION,DEPARTURE_DAY_OFFSET,ARRIVAL_DAY_OFFSET,VERSION,ROUTE_ID,EST_TIME_DEPARTURE_ZULU,STD_TIME_DEPARTURE_ZULU,EST_TIME_ARRIVAL_ZULU,STD_TIME_ARRIVAL_ZULU,EST_TIME_DEPARTURE_LOCAL,STD_TIME_DEPARTURE_LOCAL,EST_TIME_ARRIVAL_LOCAL,STD_TIME_ARRIVAL_LOCAL,STD_DEPARTURE_DAY_OFFSET,STD_ARRIVAL_DAY_OFFSET,EST_DEPARTURE_DAY_OFFSET,EST_ARRIVAL_DAY_OFFSET)
VALUES
(10200,10200,1,'CMB','SIN',8,NULL,NULL,0,'CMB/SIN',NULL,NULL,NULL,NULL,NULL,NULL,NULL,NULL,0,0,0,0);

INSERT INTO T_FLIGHT_LEG
(FLIGHT_LEG_ID,FLIGHT_ID,LEG_NUMBER,ORIGIN,DESTINATION,DURATION,DEPARTURE_DAY_OFFSET,ARRIVAL_DAY_OFFSET,VERSION,ROUTE_ID,EST_TIME_DEPARTURE_ZULU,STD_TIME_DEPARTURE_ZULU,EST_TIME_ARRIVAL_ZULU,STD_TIME_ARRIVAL_ZULU,EST_TIME_DEPARTURE_LOCAL,STD_TIME_DEPARTURE_LOCAL,EST_TIME_ARRIVAL_LOCAL,STD_TIME_ARRIVAL_LOCAL,STD_DEPARTURE_DAY_OFFSET,STD_ARRIVAL_DAY_OFFSET,EST_DEPARTURE_DAY_OFFSET,EST_ARRIVAL_DAY_OFFSET)
VALUES
(10201,10201,1,'CMB','SIN',8,NULL,NULL,0,'CMB/SIN',NULL,NULL,NULL,NULL,NULL,NULL,NULL,NULL,0,0,0,0);	

INSERT INTO T_FLIGHT_LEG
(FLIGHT_LEG_ID,FLIGHT_ID,LEG_NUMBER,ORIGIN,DESTINATION,DURATION,DEPARTURE_DAY_OFFSET,ARRIVAL_DAY_OFFSET,VERSION,ROUTE_ID,EST_TIME_DEPARTURE_ZULU,STD_TIME_DEPARTURE_ZULU,EST_TIME_ARRIVAL_ZULU,STD_TIME_ARRIVAL_ZULU,EST_TIME_DEPARTURE_LOCAL,STD_TIME_DEPARTURE_LOCAL,EST_TIME_ARRIVAL_LOCAL,STD_TIME_ARRIVAL_LOCAL,STD_DEPARTURE_DAY_OFFSET,STD_ARRIVAL_DAY_OFFSET,EST_DEPARTURE_DAY_OFFSET,EST_ARRIVAL_DAY_OFFSET)
VALUES
(10202,10202,1,'CMB','SIN',8,NULL,NULL,0,'CMB/SIN',NULL,NULL,NULL,NULL,NULL,NULL,NULL,NULL,0,0,0,0);

INSERT INTO T_FLIGHT_LEG
(FLIGHT_LEG_ID,FLIGHT_ID,LEG_NUMBER,ORIGIN,DESTINATION,DURATION,DEPARTURE_DAY_OFFSET,ARRIVAL_DAY_OFFSET,VERSION,ROUTE_ID,EST_TIME_DEPARTURE_ZULU,STD_TIME_DEPARTURE_ZULU,EST_TIME_ARRIVAL_ZULU,STD_TIME_ARRIVAL_ZULU,EST_TIME_DEPARTURE_LOCAL,STD_TIME_DEPARTURE_LOCAL,EST_TIME_ARRIVAL_LOCAL,STD_TIME_ARRIVAL_LOCAL,STD_DEPARTURE_DAY_OFFSET,STD_ARRIVAL_DAY_OFFSET,EST_DEPARTURE_DAY_OFFSET,EST_ARRIVAL_DAY_OFFSET)
VALUES
(10203,10203,1,'CMB','SIN',8,NULL,NULL,0,'CMB/SIN',NULL,NULL,NULL,NULL,NULL,NULL,NULL,NULL,0,0,0,0);

INSERT INTO T_FLIGHT_LEG
(FLIGHT_LEG_ID,FLIGHT_ID,LEG_NUMBER,ORIGIN,DESTINATION,DURATION,DEPARTURE_DAY_OFFSET,ARRIVAL_DAY_OFFSET,VERSION,ROUTE_ID,EST_TIME_DEPARTURE_ZULU,STD_TIME_DEPARTURE_ZULU,EST_TIME_ARRIVAL_ZULU,STD_TIME_ARRIVAL_ZULU,EST_TIME_DEPARTURE_LOCAL,STD_TIME_DEPARTURE_LOCAL,EST_TIME_ARRIVAL_LOCAL,STD_TIME_ARRIVAL_LOCAL,STD_DEPARTURE_DAY_OFFSET,STD_ARRIVAL_DAY_OFFSET,EST_DEPARTURE_DAY_OFFSET,EST_ARRIVAL_DAY_OFFSET)
VALUES
(10204,10204,1,'CMB','SIN',8,NULL,NULL,0,'CMB/SIN',NULL,NULL,NULL,NULL,NULL,NULL,NULL,NULL,0,0,0,0);	

INSERT INTO T_FLIGHT_LEG
(FLIGHT_LEG_ID,FLIGHT_ID,LEG_NUMBER,ORIGIN,DESTINATION,DURATION,DEPARTURE_DAY_OFFSET,ARRIVAL_DAY_OFFSET,VERSION,ROUTE_ID,EST_TIME_DEPARTURE_ZULU,STD_TIME_DEPARTURE_ZULU,EST_TIME_ARRIVAL_ZULU,STD_TIME_ARRIVAL_ZULU,EST_TIME_DEPARTURE_LOCAL,STD_TIME_DEPARTURE_LOCAL,EST_TIME_ARRIVAL_LOCAL,STD_TIME_ARRIVAL_LOCAL,STD_DEPARTURE_DAY_OFFSET,STD_ARRIVAL_DAY_OFFSET,EST_DEPARTURE_DAY_OFFSET,EST_ARRIVAL_DAY_OFFSET)
VALUES
(10205,10205,1,'CMB','SIN',8,NULL,NULL,0,'CMB/SIN',NULL,NULL,NULL,NULL,NULL,NULL,NULL,NULL,0,0,0,0);

INSERT INTO T_FLIGHT_LEG
(FLIGHT_LEG_ID,FLIGHT_ID,LEG_NUMBER,ORIGIN,DESTINATION,DURATION,DEPARTURE_DAY_OFFSET,ARRIVAL_DAY_OFFSET,VERSION,ROUTE_ID,EST_TIME_DEPARTURE_ZULU,STD_TIME_DEPARTURE_ZULU,EST_TIME_ARRIVAL_ZULU,STD_TIME_ARRIVAL_ZULU,EST_TIME_DEPARTURE_LOCAL,STD_TIME_DEPARTURE_LOCAL,EST_TIME_ARRIVAL_LOCAL,STD_TIME_ARRIVAL_LOCAL,STD_DEPARTURE_DAY_OFFSET,STD_ARRIVAL_DAY_OFFSET,EST_DEPARTURE_DAY_OFFSET,EST_ARRIVAL_DAY_OFFSET)
VALUES
(10206,10206,1,'CMB','SIN',8,NULL,NULL,0,'CMB/SIN',NULL,NULL,NULL,NULL,NULL,NULL,NULL,NULL,0,0,0,0);

INSERT INTO T_FLIGHT_LEG
(FLIGHT_LEG_ID,FLIGHT_ID,LEG_NUMBER,ORIGIN,DESTINATION,DURATION,DEPARTURE_DAY_OFFSET,ARRIVAL_DAY_OFFSET,VERSION,ROUTE_ID,EST_TIME_DEPARTURE_ZULU,STD_TIME_DEPARTURE_ZULU,EST_TIME_ARRIVAL_ZULU,STD_TIME_ARRIVAL_ZULU,EST_TIME_DEPARTURE_LOCAL,STD_TIME_DEPARTURE_LOCAL,EST_TIME_ARRIVAL_LOCAL,STD_TIME_ARRIVAL_LOCAL,STD_DEPARTURE_DAY_OFFSET,STD_ARRIVAL_DAY_OFFSET,EST_DEPARTURE_DAY_OFFSET,EST_ARRIVAL_DAY_OFFSET)
VALUES
(10207,10207,1,'CMB','SIN',8,NULL,NULL,0,'CMB/SIN',NULL,NULL,NULL,NULL,NULL,NULL,NULL,NULL,0,0,0,0);	

INSERT INTO T_FLIGHT_LEG
(FLIGHT_LEG_ID,FLIGHT_ID,LEG_NUMBER,ORIGIN,DESTINATION,DURATION,DEPARTURE_DAY_OFFSET,ARRIVAL_DAY_OFFSET,VERSION,ROUTE_ID,EST_TIME_DEPARTURE_ZULU,STD_TIME_DEPARTURE_ZULU,EST_TIME_ARRIVAL_ZULU,STD_TIME_ARRIVAL_ZULU,EST_TIME_DEPARTURE_LOCAL,STD_TIME_DEPARTURE_LOCAL,EST_TIME_ARRIVAL_LOCAL,STD_TIME_ARRIVAL_LOCAL,STD_DEPARTURE_DAY_OFFSET,STD_ARRIVAL_DAY_OFFSET,EST_DEPARTURE_DAY_OFFSET,EST_ARRIVAL_DAY_OFFSET)
VALUES
(10208,10208,1,'CMB','SIN',8,NULL,NULL,0,'CMB/SIN',NULL,NULL,NULL,NULL,NULL,NULL,NULL,NULL,0,0,0,0);

INSERT INTO T_FLIGHT_LEG
(FLIGHT_LEG_ID,FLIGHT_ID,LEG_NUMBER,ORIGIN,DESTINATION,DURATION,DEPARTURE_DAY_OFFSET,ARRIVAL_DAY_OFFSET,VERSION,ROUTE_ID,EST_TIME_DEPARTURE_ZULU,STD_TIME_DEPARTURE_ZULU,EST_TIME_ARRIVAL_ZULU,STD_TIME_ARRIVAL_ZULU,EST_TIME_DEPARTURE_LOCAL,STD_TIME_DEPARTURE_LOCAL,EST_TIME_ARRIVAL_LOCAL,STD_TIME_ARRIVAL_LOCAL,STD_DEPARTURE_DAY_OFFSET,STD_ARRIVAL_DAY_OFFSET,EST_DEPARTURE_DAY_OFFSET,EST_ARRIVAL_DAY_OFFSET)
VALUES
(10209,10209,1,'CMB','SIN',8,NULL,NULL,0,'CMB/SIN',NULL,NULL,NULL,NULL,NULL,NULL,NULL,NULL,0,0,0,0);

INSERT INTO T_FLIGHT_LEG
(FLIGHT_LEG_ID,FLIGHT_ID,LEG_NUMBER,ORIGIN,DESTINATION,DURATION,DEPARTURE_DAY_OFFSET,ARRIVAL_DAY_OFFSET,VERSION,ROUTE_ID,EST_TIME_DEPARTURE_ZULU,STD_TIME_DEPARTURE_ZULU,EST_TIME_ARRIVAL_ZULU,STD_TIME_ARRIVAL_ZULU,EST_TIME_DEPARTURE_LOCAL,STD_TIME_DEPARTURE_LOCAL,EST_TIME_ARRIVAL_LOCAL,STD_TIME_ARRIVAL_LOCAL,STD_DEPARTURE_DAY_OFFSET,STD_ARRIVAL_DAY_OFFSET,EST_DEPARTURE_DAY_OFFSET,EST_ARRIVAL_DAY_OFFSET)
VALUES
(10210,10210,1,'CMB','SIN',8,NULL,NULL,0,'CMB/SIN',NULL,NULL,NULL,NULL,NULL,NULL,NULL,NULL,0,0,0,0);	

INSERT INTO T_FLIGHT_LEG
(FLIGHT_LEG_ID,FLIGHT_ID,LEG_NUMBER,ORIGIN,DESTINATION,DURATION,DEPARTURE_DAY_OFFSET,ARRIVAL_DAY_OFFSET,VERSION,ROUTE_ID,EST_TIME_DEPARTURE_ZULU,STD_TIME_DEPARTURE_ZULU,EST_TIME_ARRIVAL_ZULU,STD_TIME_ARRIVAL_ZULU,EST_TIME_DEPARTURE_LOCAL,STD_TIME_DEPARTURE_LOCAL,EST_TIME_ARRIVAL_LOCAL,STD_TIME_ARRIVAL_LOCAL,STD_DEPARTURE_DAY_OFFSET,STD_ARRIVAL_DAY_OFFSET,EST_DEPARTURE_DAY_OFFSET,EST_ARRIVAL_DAY_OFFSET)
VALUES
(10211,10211,1,'CMB','SIN',8,NULL,NULL,0,'CMB/SIN',NULL,NULL,NULL,NULL,NULL,NULL,NULL,NULL,0,0,0,0);

INSERT INTO T_FLIGHT_LEG
(FLIGHT_LEG_ID,FLIGHT_ID,LEG_NUMBER,ORIGIN,DESTINATION,DURATION,DEPARTURE_DAY_OFFSET,ARRIVAL_DAY_OFFSET,VERSION,ROUTE_ID,EST_TIME_DEPARTURE_ZULU,STD_TIME_DEPARTURE_ZULU,EST_TIME_ARRIVAL_ZULU,STD_TIME_ARRIVAL_ZULU,EST_TIME_DEPARTURE_LOCAL,STD_TIME_DEPARTURE_LOCAL,EST_TIME_ARRIVAL_LOCAL,STD_TIME_ARRIVAL_LOCAL,STD_DEPARTURE_DAY_OFFSET,STD_ARRIVAL_DAY_OFFSET,EST_DEPARTURE_DAY_OFFSET,EST_ARRIVAL_DAY_OFFSET)
VALUES
(10212,10212,1,'CMB','SIN',8,NULL,NULL,0,'CMB/SIN',NULL,NULL,NULL,NULL,NULL,NULL,NULL,NULL,0,0,0,0);

INSERT INTO T_FLIGHT_LEG
(FLIGHT_LEG_ID,FLIGHT_ID,LEG_NUMBER,ORIGIN,DESTINATION,DURATION,DEPARTURE_DAY_OFFSET,ARRIVAL_DAY_OFFSET,VERSION,ROUTE_ID,EST_TIME_DEPARTURE_ZULU,STD_TIME_DEPARTURE_ZULU,EST_TIME_ARRIVAL_ZULU,STD_TIME_ARRIVAL_ZULU,EST_TIME_DEPARTURE_LOCAL,STD_TIME_DEPARTURE_LOCAL,EST_TIME_ARRIVAL_LOCAL,STD_TIME_ARRIVAL_LOCAL,STD_DEPARTURE_DAY_OFFSET,STD_ARRIVAL_DAY_OFFSET,EST_DEPARTURE_DAY_OFFSET,EST_ARRIVAL_DAY_OFFSET)
VALUES
(10213,10213,1,'CMB','SIN',8,NULL,NULL,0,'CMB/SIN',NULL,NULL,NULL,NULL,NULL,NULL,NULL,NULL,0,0,0,0);	


INSERT INTO T_FLIGHT_SEGMENT
(FLT_SEG_ID,FLIGHT_ID,SEGMENT_CODE,SEGMENT_VALID_FLAG,SEGMENT_PRIORITY,VERSION)
VALUES
(10200,10200,'CMB/SIN','Y',1,0);

INSERT INTO T_FLIGHT_SEGMENT
(FLT_SEG_ID,FLIGHT_ID,SEGMENT_CODE,SEGMENT_VALID_FLAG,SEGMENT_PRIORITY,VERSION)
VALUES
(10201,10201,'CMB/SIN','Y',1,0);

INSERT INTO T_FLIGHT_SEGMENT
(FLT_SEG_ID,FLIGHT_ID,SEGMENT_CODE,SEGMENT_VALID_FLAG,SEGMENT_PRIORITY,VERSION)
VALUES
(10202,10202,'CMB/SIN','Y',1,0);

INSERT INTO T_FLIGHT_SEGMENT
(FLT_SEG_ID,FLIGHT_ID,SEGMENT_CODE,SEGMENT_VALID_FLAG,SEGMENT_PRIORITY,VERSION)
VALUES
(10203,10203,'CMB/SIN','Y',1,0);

INSERT INTO T_FLIGHT_SEGMENT
(FLT_SEG_ID,FLIGHT_ID,SEGMENT_CODE,SEGMENT_VALID_FLAG,SEGMENT_PRIORITY,VERSION)
VALUES
(10204,10204,'CMB/SIN','Y',1,0);

INSERT INTO T_FLIGHT_SEGMENT
(FLT_SEG_ID,FLIGHT_ID,SEGMENT_CODE,SEGMENT_VALID_FLAG,SEGMENT_PRIORITY,VERSION)
VALUES
(10205,10205,'CMB/SIN','Y',1,0);

INSERT INTO T_FLIGHT_SEGMENT
(FLT_SEG_ID,FLIGHT_ID,SEGMENT_CODE,SEGMENT_VALID_FLAG,SEGMENT_PRIORITY,VERSION)
VALUES
(10206,10206,'CMB/SIN','Y',1,0);

INSERT INTO T_FLIGHT_SEGMENT
(FLT_SEG_ID,FLIGHT_ID,SEGMENT_CODE,SEGMENT_VALID_FLAG,SEGMENT_PRIORITY,VERSION)
VALUES
(10207,10207,'CMB/SIN','Y',1,0);

INSERT INTO T_FLIGHT_SEGMENT
(FLT_SEG_ID,FLIGHT_ID,SEGMENT_CODE,SEGMENT_VALID_FLAG,SEGMENT_PRIORITY,VERSION)
VALUES
(10208,10208,'CMB/SIN','Y',1,0);

INSERT INTO T_FLIGHT_SEGMENT
(FLT_SEG_ID,FLIGHT_ID,SEGMENT_CODE,SEGMENT_VALID_FLAG,SEGMENT_PRIORITY,VERSION)
VALUES
(10209,10209,'CMB/SIN','Y',1,0);

INSERT INTO T_FLIGHT_SEGMENT
(FLT_SEG_ID,FLIGHT_ID,SEGMENT_CODE,SEGMENT_VALID_FLAG,SEGMENT_PRIORITY,VERSION)
VALUES
(10210,10210,'CMB/SIN','Y',1,0);

INSERT INTO T_FLIGHT_SEGMENT
(FLT_SEG_ID,FLIGHT_ID,SEGMENT_CODE,SEGMENT_VALID_FLAG,SEGMENT_PRIORITY,VERSION)
VALUES
(10211,10211,'CMB/SIN','Y',1,0);

INSERT INTO T_FLIGHT_SEGMENT
(FLT_SEG_ID,FLIGHT_ID,SEGMENT_CODE,SEGMENT_VALID_FLAG,SEGMENT_PRIORITY,VERSION)
VALUES
(10212,10212,'CMB/SIN','Y',1,0);

INSERT INTO T_FLIGHT_SEGMENT
(FLT_SEG_ID,FLIGHT_ID,SEGMENT_CODE,SEGMENT_VALID_FLAG,SEGMENT_PRIORITY,VERSION)
VALUES
(10213,10213,'CMB/SIN','Y',1,0);






INSERT INTO T_FLIGHT_SCHEDULE
(SCHEDULE_ID,FLIGHT_NUMBER,MODEL_NUMBER,OPERATION_TYPE_ID,START_DATE,STOP_DATE,FREQUENCY_D0,FREQUENCY_D1,FREQUENCY_D2,FREQUENCY_D3,FREQUENCY_D4,FREQUENCY_D5,FREQUENCY_D6,ORIGIN,DESTINATION,OVERLAP_SCHEDULE_FLAG,AVAILABLE_SEAT_KILOMETERS,NUMBER_OF_DEPARTURES,SCHEDULE_BUILD_STATUS_CODE,SCHEDULE_STATUS_CODE,CREATED_BY,CREATED_DATE,MODIFIED_BY,MODIFIED_DATE,VERSION,MANUALLY_CHANGED)
VALUES
(10101,'GG1111','MDL_NBR_UNIT_TSTING',2, to_date('10-1-2006','MM-DD-YYYY') ,to_date('10-25-2006','MM-DD-YYYY'),1,0,1,1,0,1,0,'CMB','DOH','N',NULL,NULL,'BUILD','ACTIVE','jhonw',to_date('8-31-2005','MM-DD-YYYY'),NULL,NULL,0,'N'); 

INSERT INTO T_FLIGHT_SCHEDULE_LEG
(FSL_ID,SCHEDULE_ID,LEG_NUMBER,ORIGIN,DESTINATION,VERSION,DURATION,ROUTE_ID,STD_TIME_DEPARTURE_ZULU,EST_TIME_ARRIVAL_ZULU,STD_TIME_ARRIVAL_ZULU,EST_TIME_DEPARTURE_LOCAL,STD_TIME_DEPARTURE_LOCAL,EST_TIME_ARRIVAL_LOCAL,STD_TIME_ARRIVAL_LOCAL,STD_DEPARTURE_DAY_OFFSET,STD_ARRIVAL_DAY_OFFSET,EST_DEPARTURE_DAY_OFFSET,EST_ARRIVAL_DAY_OFFSET,EST_TIME_DEPARTURE_ZULU)
VALUES
(10101,10101,1,'CMB','DOH',0,8,'CMB/DOH',NULL,NULL,NULL,NULL,NULL,NULL,NULL,0,0,0,0,NULL);

INSERT INTO T_FLIGHT_SCHEDULE_SEGMENT
(FL_SCH_SEG_ID,SCHEDULE_ID,SEGMENT_CODE,SEGMENT_VALID_FLAG,SEGMENT_PRIORITY,VERSION,SEGMENT_INDEX)
VALUES
(10101,10101,'CMB/DOH','Y',1,0,NULL);






INSERT INTO T_FLIGHT_SCHEDULE
(SCHEDULE_ID,FLIGHT_NUMBER,MODEL_NUMBER,OPERATION_TYPE_ID,START_DATE,STOP_DATE,FREQUENCY_D0,FREQUENCY_D1,FREQUENCY_D2,FREQUENCY_D3,FREQUENCY_D4,FREQUENCY_D5,FREQUENCY_D6,ORIGIN,DESTINATION,OVERLAP_SCHEDULE_FLAG,AVAILABLE_SEAT_KILOMETERS,NUMBER_OF_DEPARTURES,SCHEDULE_BUILD_STATUS_CODE,SCHEDULE_STATUS_CODE,CREATED_BY,CREATED_DATE,MODIFIED_BY,MODIFIED_DATE,VERSION,MANUALLY_CHANGED)
VALUES
(10005,'HH2222','MDL_NBR_UNIT_TSTING',2, to_date('1-1-2006','MM-DD-YYYY') ,to_date('1-20-2006','MM-DD-YYYY'),1,0,1,1,0,1,0,'CMB','KHI','N',NULL,NULL,'BUILD','ACTIVE','jhonw',to_date('8-31-2005','MM-DD-YYYY'),NULL,NULL,0,'N'); 

INSERT INTO T_FLIGHT_SCHEDULE_LEG
(FSL_ID,SCHEDULE_ID,LEG_NUMBER,ORIGIN,DESTINATION,VERSION,DURATION,ROUTE_ID,STD_TIME_DEPARTURE_ZULU,EST_TIME_ARRIVAL_ZULU,STD_TIME_ARRIVAL_ZULU,EST_TIME_DEPARTURE_LOCAL,STD_TIME_DEPARTURE_LOCAL,EST_TIME_ARRIVAL_LOCAL,STD_TIME_ARRIVAL_LOCAL,STD_DEPARTURE_DAY_OFFSET,STD_ARRIVAL_DAY_OFFSET,EST_DEPARTURE_DAY_OFFSET,EST_ARRIVAL_DAY_OFFSET,EST_TIME_DEPARTURE_ZULU)
VALUES
(10005,10005,1,'CMB','DEL',0,8,'CMB/DEL',NULL,to_date('12-31-0002:08:30', 'MM-DD-YYYY:hh:mi'),NULL,NULL,NULL,NULL,NULL,0,0,0,0,to_date('12-31-0002:06:30', 'MM-DD-YYYY:hh:mi'));

INSERT INTO T_FLIGHT_SCHEDULE_LEG
(FSL_ID,SCHEDULE_ID,LEG_NUMBER,ORIGIN,DESTINATION,VERSION,DURATION,ROUTE_ID,STD_TIME_DEPARTURE_ZULU,EST_TIME_ARRIVAL_ZULU,STD_TIME_ARRIVAL_ZULU,EST_TIME_DEPARTURE_LOCAL,STD_TIME_DEPARTURE_LOCAL,EST_TIME_ARRIVAL_LOCAL,STD_TIME_ARRIVAL_LOCAL,STD_DEPARTURE_DAY_OFFSET,STD_ARRIVAL_DAY_OFFSET,EST_DEPARTURE_DAY_OFFSET,EST_ARRIVAL_DAY_OFFSET,EST_TIME_DEPARTURE_ZULU)
VALUES
(10006,10005,2,'DEL','KHI',0,8,'DEL/KHI',NULL,to_date('12-31-0002:12:30', 'MM-DD-YYYY:hh:mi'),NULL,NULL,NULL,NULL,NULL,0,0,0,0,to_date('12-31-0002:08:30', 'MM-DD-YYYY:hh:mi'));

INSERT INTO T_FLIGHT_SCHEDULE_SEGMENT
(FL_SCH_SEG_ID,SCHEDULE_ID,SEGMENT_CODE,SEGMENT_VALID_FLAG,SEGMENT_PRIORITY,VERSION,SEGMENT_INDEX)
VALUES
(10005,10005,'CMB/DEL','Y',1,0,NULL);

INSERT INTO T_FLIGHT_SCHEDULE_SEGMENT
(FL_SCH_SEG_ID,SCHEDULE_ID,SEGMENT_CODE,SEGMENT_VALID_FLAG,SEGMENT_PRIORITY,VERSION,SEGMENT_INDEX)
VALUES
(10006,10005,'DEL/KHI','Y',1,0,NULL);

INSERT INTO T_FLIGHT_SCHEDULE_SEGMENT
(FL_SCH_SEG_ID,SCHEDULE_ID,SEGMENT_CODE,SEGMENT_VALID_FLAG,SEGMENT_PRIORITY,VERSION,SEGMENT_INDEX)
VALUES
(10007,10005,'CMB/DEL/KHI','Y',1,0,NULL);






INSERT INTO T_FLIGHT
(FLIGHT_ID,SCHEDULE_ID,FLIGHT_NUMBER,DEPARTURE_DATE,DAY_NUMBER,DAY_OF_DEPARTURE,OPERATION_TYPE_ID,ORIGIN,DESTINATION,AVAILABLE_SEAT_KILOMETERS,OVERLAP_SCHEDULE_FLAG,OVERLAP_FLIGHT_INSTANCE_ID,SEATS_ALLOCATED_FLAG,TAIL_NUMBER,MODEL_NUMBER,STATUS,CREATED_BY,CREATED_DATE,MODIFIED_BY,MODIFIED_DATE,VERSION,MANUALLY_CHANGED)
VALUES
(10300,NULL,'AS0000',to_date('1-2-2006','MM-DD-YYYY'),6,NULL,1,'HYD','KWI',1,'N',NULL,'N',NULL,'MDL_NBR_UNIT_TSTING','ACTIVE','jhonw',to_date('8-31-2005','MM-DD-YYYY'),NULL,NULL,0,'N');

INSERT INTO T_FLIGHT_LEG
(FLIGHT_LEG_ID,FLIGHT_ID,LEG_NUMBER,ORIGIN,DESTINATION,DURATION,DEPARTURE_DAY_OFFSET,ARRIVAL_DAY_OFFSET,VERSION,ROUTE_ID,EST_TIME_DEPARTURE_ZULU,STD_TIME_DEPARTURE_ZULU,EST_TIME_ARRIVAL_ZULU,STD_TIME_ARRIVAL_ZULU,EST_TIME_DEPARTURE_LOCAL,STD_TIME_DEPARTURE_LOCAL,EST_TIME_ARRIVAL_LOCAL,STD_TIME_ARRIVAL_LOCAL,STD_DEPARTURE_DAY_OFFSET,STD_ARRIVAL_DAY_OFFSET,EST_DEPARTURE_DAY_OFFSET,EST_ARRIVAL_DAY_OFFSET)
VALUES
(10300,10300,1,'HYD','KWI',8,NULL,NULL,0,'HYD/KWI',NULL,NULL,NULL,NULL,NULL,NULL,NULL,NULL,0,0,0,0);
	
INSERT INTO T_FLIGHT_SEGMENT
(FLT_SEG_ID,FLIGHT_ID,SEGMENT_CODE,SEGMENT_VALID_FLAG,SEGMENT_PRIORITY,VERSION, EST_TIME_ARRIVAL_LOCAL, EST_TIME_DEPARTURE_LOCAL)
VALUES
(10300,10300,'HYD/KWI','Y',1,0,to_date('1-2-2006:10:30', 'MM-DD-YYYY:hh:mi'),to_date('1-2-2006:6:30', 'MM-DD-YYYY:hh:mi'));

INSERT INTO T_FLIGHT
(FLIGHT_ID,SCHEDULE_ID,FLIGHT_NUMBER,DEPARTURE_DATE,DAY_NUMBER,DAY_OF_DEPARTURE,OPERATION_TYPE_ID,ORIGIN,DESTINATION,AVAILABLE_SEAT_KILOMETERS,OVERLAP_SCHEDULE_FLAG,OVERLAP_FLIGHT_INSTANCE_ID,SEATS_ALLOCATED_FLAG,TAIL_NUMBER,MODEL_NUMBER,STATUS,CREATED_BY,CREATED_DATE,MODIFIED_BY,MODIFIED_DATE,VERSION,MANUALLY_CHANGED)
VALUES
(10301,NULL,'AS1234',to_date('1-2-2006','MM-DD-YYYY'),6,NULL,1,'HYD','KWI',1,'N',NULL,'N',NULL,'MDL_NBR_UNIT_TSTING','ACTIVE','jhonw',to_date('8-31-2005','MM-DD-YYYY'),NULL,NULL,0,'N');

INSERT INTO T_FLIGHT_LEG
(FLIGHT_LEG_ID,FLIGHT_ID,LEG_NUMBER,ORIGIN,DESTINATION,DURATION,DEPARTURE_DAY_OFFSET,ARRIVAL_DAY_OFFSET,VERSION,ROUTE_ID,EST_TIME_DEPARTURE_ZULU,STD_TIME_DEPARTURE_ZULU,EST_TIME_ARRIVAL_ZULU,STD_TIME_ARRIVAL_ZULU,EST_TIME_DEPARTURE_LOCAL,STD_TIME_DEPARTURE_LOCAL,EST_TIME_ARRIVAL_LOCAL,STD_TIME_ARRIVAL_LOCAL,STD_DEPARTURE_DAY_OFFSET,STD_ARRIVAL_DAY_OFFSET,EST_DEPARTURE_DAY_OFFSET,EST_ARRIVAL_DAY_OFFSET)
VALUES
(10301,10301,1,'HYD','SHJ',8,NULL,NULL,0,'HYD/SHJ',NULL,NULL,NULL,NULL,NULL,NULL,NULL,NULL,0,0,0,0);

INSERT INTO T_FLIGHT_LEG
(FLIGHT_LEG_ID,FLIGHT_ID,LEG_NUMBER,ORIGIN,DESTINATION,DURATION,DEPARTURE_DAY_OFFSET,ARRIVAL_DAY_OFFSET,VERSION,ROUTE_ID,EST_TIME_DEPARTURE_ZULU,STD_TIME_DEPARTURE_ZULU,EST_TIME_ARRIVAL_ZULU,STD_TIME_ARRIVAL_ZULU,EST_TIME_DEPARTURE_LOCAL,STD_TIME_DEPARTURE_LOCAL,EST_TIME_ARRIVAL_LOCAL,STD_TIME_ARRIVAL_LOCAL,STD_DEPARTURE_DAY_OFFSET,STD_ARRIVAL_DAY_OFFSET,EST_DEPARTURE_DAY_OFFSET,EST_ARRIVAL_DAY_OFFSET)
VALUES
(10302,10301,2,'SHJ','KWI',8,NULL,NULL,0,'SHJ/KWI',NULL,NULL,NULL,NULL,NULL,NULL,NULL,NULL,0,0,0,0);

INSERT INTO T_FLIGHT_SEGMENT
(FLT_SEG_ID,FLIGHT_ID,SEGMENT_CODE,SEGMENT_VALID_FLAG,SEGMENT_PRIORITY,VERSION,EST_TIME_ARRIVAL_LOCAL, EST_TIME_DEPARTURE_LOCAL)
VALUES
(10301,10301,'HYD/SHJ','Y',1,0,to_date('1-2-2006:8:30', 'MM-DD-YYYY:hh:mi'),to_date('1-2-2006:6:30', 'MM-DD-YYYY:hh:mi'));

INSERT INTO T_FLIGHT_SEGMENT
(FLT_SEG_ID,FLIGHT_ID,SEGMENT_CODE,SEGMENT_VALID_FLAG,SEGMENT_PRIORITY,VERSION,EST_TIME_ARRIVAL_LOCAL, EST_TIME_DEPARTURE_LOCAL)
VALUES
(10302,10301,'SHJ/KWI','Y',1,0,to_date('1-2-2006:10:30', 'MM-DD-YYYY:hh:mi'),to_date('1-2-2006:8:30', 'MM-DD-YYYY:hh:mi'));

INSERT INTO T_FLIGHT_SEGMENT
(FLT_SEG_ID,FLIGHT_ID,SEGMENT_CODE,SEGMENT_VALID_FLAG,SEGMENT_PRIORITY,VERSION,EST_TIME_ARRIVAL_LOCAL, EST_TIME_DEPARTURE_LOCAL)
VALUES
(10303,10301,'HYD/SHJ/KWI','Y',1,0,to_date('1-2-2006:10:30', 'MM-DD-YYYY:hh:mi'),to_date('1-2-2006:6:30', 'MM-DD-YYYY:hh:mi'));




insert into T_APP_PARAMETER (PARAM_KEY, PARAM_VALUE, VERSION) values ( 'OFFST', '6', 0);
insert into T_APP_PARAMETER (PARAM_KEY, PARAM_VALUE, VERSION) values ( 'HUBFS', 'SHJ', 0);
insert into T_APP_PARAMETER (PARAM_KEY, PARAM_VALUE, VERSION) values ( 'MNTRT', '2:30', 0);
insert into T_APP_PARAMETER (PARAM_KEY, PARAM_VALUE, VERSION) values ( 'MXTRT', '4:00', 0);
insert into T_APP_PARAMETER (PARAM_KEY, PARAM_VALUE, VERSION) values ( 'DFOPT', '2', 0);
insert into T_APP_PARAMETER (PARAM_KEY, PARAM_VALUE, VERSION) values ( 'DFSST', 'ACTIVE', 0);
insert into T_APP_PARAMETER (PARAM_KEY, PARAM_VALUE, VERSION) values ( 'DTFMT', 'hh:mm', 0);
